bisphenol,ID,ID.2,treatment,temp,exposure,temp.acute,body.mass_pre,condition,CS.slope.1,CS.slope.2,CS.slope,CS.dilution,CS.activity,LDH.slope.1,LDH.slope.2,LDH.slope,LDH.dilution,LDH.activity
BPA,BPA-18-BPA-1,18-BPA-1,18-expose,18,expose,18,0.52,1.832752521,0.0527,0.0551,0.0539,10,3.963235294,0.0882,0.092,0.0901,100,66.25
BPA,BPA-18-C-6,18-C-6,18-C,18,control,28,0.53,2.265571487,0.0686,0.0701,0.06935,10,5.099264706,0.0702,0.0708,0.0705,200,103.6764706
BPA,BPA-18-BPA-6,18-BPA-6,18-expose,18,expose,28,0.38,1.676580034,0.0476,0.0594,0.0535,10,3.933823529,0.0482,0.0449,0.04655,200,68.45588235
BPA,BPA-18-BPA-2,18-BPA-2,18-expose,18,expose,18,0.53,2.265571487,,,,,,,,,,
BPA,BPA-18-BPA-7,18-BPA-7,18-expose,18,expose,28,0.46,2.260840324,0.051,0.0472,0.0491,10,3.610294118,0.0518,0.0503,0.05105,200,75.07352941
BPA,BPA-18-C-7,18-C-7,18-C,18,control,28,0.36,1.639941691,0.0589,0.0521,0.0555,10,4.080882353,0.0702,,0.0702,200,103.2352941
BPA,BPA-18-BPA-3,18-BPA-3,18-expose,18,expose,18,0.4,1.944501591,0.0234,0.0177,0.02055,10,1.511029412,0.078,0.074,0.076,100,55.88235294
BPA,BPA-18-C-8,18-C-8,18-C,18,control,28,0.43,1.608625284,0.1028,0.1011,0.10195,10,7.496323529,0.0898,0.09,0.0899,200,132.2058824
BPA,BPA-18-BPA-8,18-BPA-8,18-expose,18,expose,28,0.41,2.01509681,0.0533,0.0565,0.0549,10,4.036764706,0.0646,0.0635,0.06405,200,94.19117647
BPA,BPA-18-BPA-4,18-BPA-4,18-expose,18,expose,18,0.47,2.009091696,0.0375,0.0419,0.0397,10,2.919117647,0.0601,0.0638,0.06195,100,45.55147059
BPA,BPA-18-BPA-9,18-BPA-9,18-expose,18,expose,28,0.39,2.119594707,0.0558,0.0538,0.0548,10,4.029411765,0.038,0.0396,0.0388,200,57.05882353
BPA,BPA-18-C-9,18-C-9,18-C,18,control,28,0.38,2.291727918,0.074,0.0779,0.07595,10,5.584558824,0.0678,0.0626,0.0652,200,95.88235294
BPA,BPA-18-BPA-5,18-BPA-5,18-expose,18,expose,18,0.42,2.019534185,0.0486,0.0405,0.04455,10,3.275735294,0.1033,0.1072,0.10525,100,77.38970588
BPA,BPA-18-C-10,18-C-10,18-C,18,control,28,0.34,2.099507128,,,,,,,,,,
BPA,BPA-18-BPA-10,18-BPA-10,18-expose,18,expose,28,0.52,2.005063866,,,,,,,,,,
BPA,BPA-18-C-6,18-C-6,18-C,18,control,18,0.53,2.218699096,0.0339,0.0439,0.0389,10,2.860294118,0.0601,0.0712,0.06565,100,48.27205882
BPA,BPA-18-BPA-6,18-BPA-6,18-expose,18,expose,18,0.39,1.519142658,0.0534,0.0573,0.05535,10,4.069852941,0.0956,0.09266,0.09413,100,69.21323529
BPA,BPA-18-BPA-1,18-BPA-1,18-expose,18,expose,28,0.55,1.938488244,0.0847,0.083,0.08385,10,6.165441176,0.0737,0.0814,0.07755,200,114.0441176
BPA,BPA-18-BPA-7,18-BPA-7,18-expose,18,expose,18,0.43,1.857521613,0.0325,,0.0325,10,2.389705882,0.0749,0.0726,0.07375,100,54.22794118
BPA,BPA-18-C-7,18-C-7,18-C,18,control,18,0.34,1.56554771,0.0428,0.0253,0.03405,10,2.503676471,0.0867,0.0844,0.08555,100,62.90441176
BPA,BPA-18-BPA-2,18-BPA-2,18-expose,18,expose,28,0.52,1.984878812,,,,,,,,,,
BPA,BPA-18-C-8,18-C-8,18-C,18,control,18,0.43,1.515545354,0.0715,0.0649,0.0682,10,5.014705882,0.1416,0.1245,0.13305,100,97.83088235
BPA,BPA-18-BPA-8,18-BPA-8,18-expose,18,expose,18,0.38,1.909306821,0.0489,0.0478,0.04835,10,3.555147059,0.0699,0.0789,0.0744,100,54.70588235
BPA,BPA-18-BPA-3,18-BPA-3,18-expose,18,expose,28,0.41,2.253806418,0.0269,0.0244,0.02565,10,1.886029412,0.0213,0.0173,0.0193,200,28.38235294
BPA,BPA-18-BPA-9,18-BPA-9,18-expose,18,expose,18,0.38,1.867650702,0.0321,0.0323,0.0322,10,2.367647059,0.0645,0.0592,0.06185,100,45.47794118
BPA,BPA-18-C-9,18-C-9,18-C,18,control,18,0.35,2.110802029,0.0359,0.0354,0.03565,10,2.621323529,0.0833,0.0851,0.0842,100,61.91176471
BPA,BPA-18-BPA-4,18-BPA-4,18-expose,18,expose,28,0.4,2.149425365,0.0398,0.0366,0.0382,10,2.808823529,0.0556,0.0489,0.05225,200,76.83823529
BPA,BPA-18-C-10,18-C-10,18-C,18,control,18,0.44,2.653579694,,,,,,,,,,
BPA,BPA-18-BPA-10,18-BPA-10,18-expose,18,expose,18,0.5,1.833456108,,,,,,,,,,
BPA,BPA-18-BPA-5,18-BPA-5,18-expose,18,expose,28,0.43,2.160531402,0.0719,0.0643,0.0681,10,5.007352941,0.0778,0.0838,0.0808,200,118.8235294
BPA,BPA-18-C-11,18-C-11,18-C,18,control,18,0.46,1.866718643,0.0291,0.0277,0.0284,10,2.088235294,0.0958,0.0881,0.09195,100,67.61029412
BPA,BPA-18-BPA-11,18-BPA-11,18-expose,18,expose,18,0.53,2.313773536,,,,,,,,,,
BPA,BPA-28-C-1,28-C-1,28-C,28,control,28,0.46,1.866718643,0.0722,0.0644,0.0683,10,5.022058824,0.0595,0.0527,0.0561,200,82.5
BPA,BPA-28-BPA-1,28-BPA-1,28-expose,28,expose,28,0.49,2.161905834,0.067,0.0575,0.06225,10,4.577205882,0.0949,0.0791,0.087,200,127.9411765
BPA,BPA-18-BPA-12,18-BPA-12,18-expose,18,expose,18,0.43,1.592592593,0.0597,0.0538,0.05675,10,4.172794118,0.1083,0.1093,0.1088,100,80
BPA,BPA-18-C-12,18-C-12,18-C,18,control,18,0.39,1.815223976,0.0254,0.0474,0.0364,10,2.676470588,0.0661,0.0699,0.068,100,50
BPA,BPA-28-BPA-2,28-BPA-2,28-expose,28,expose,28,0.48,1.813812728,0.0748,0.0784,0.0766,10,5.632352941,0.0684,0.059,0.0637,200,93.67647059
BPA,BPA-28-C-2,28-C-2,28-C,28,control,28,0.53,2.107041107,0.0574,0.0384,0.0479,10,3.522058824,0.0574,0.0483,0.05285,200,77.72058824
BPA,BPA-18-C-13,18-C-13,18-C,18,control,18,0.54,1.903243003,0.0328,0.0288,0.0308,10,2.264705882,0.0658,0.0651,0.06545,100,48.125
BPA,BPA-18-BPA-13,18-BPA-13,18-expose,18,expose,18,0.62,2.081165453,0.0402,0.0446,0.0424,10,3.117647059,0.0907,0.0921,0.0914,100,67.20588235
BPA,BPA-28-C-3,28-C-3,28-C,28,control,28,0.44,2.235431591,0.0532,0.0511,0.05215,10,3.834558824,0.0559,0.0535,0.0547,200,80.44117647
BPA,BPA-28-BPA-3,28-BPA-3,28-expose,28,expose,28,0.5,1.967560128,0.0716,0.0723,0.07195,10,5.290441176,0.0583,0.0564,0.05735,200,84.33823529
BPA,BPA-18-BPA-14,18-BPA-14,18-expose,18,expose,18,0.5,2.206026361,0.0307,0.0338,0.03225,10,2.371323529,0.0782,0.0723,0.07525,100,55.33088235
BPA,BPA-18-C-14,18-C-14,18-C,18,control,18,0.38,2.187178884,0.0409,0.0413,0.0411,10,3.022058824,0.1079,0.1091,0.1085,100,79.77941176
BPA,BPA-28-BPA-4,28-BPA-4,28-expose,28,expose,28,0.36,1.750051432,0.0571,0.0522,0.05465,10,4.018382353,0.0659,0.0597,0.0628,200,92.35294118
BPA,BPA-28-C-4,28-C-4,28-C,28,control,28,0.4,2.125274745,0.0629,,0.0629,10,4.625,0.0928,0.0855,0.08915,200,131.1029412
BPA,BPA-18-C-15,18-C-15,18-C,18,control,18,0.47,1.84950652,0.0263,0.0245,0.0254,10,1.867647059,0.0604,0.0604,0.0604,100,44.41176471
BPA,BPA-18-BPA-15,18-BPA-15,18-expose,18,expose,18,0.29,1.649977242,0.0277,0.028,0.02785,10,2.047794118,0.0549,0.0538,0.05435,100,39.96323529
BPA,BPA-28-C-5,28-C-5,28-C,28,control,28,0.48,1.947880323,0.0914,0.0955,0.09345,10,6.871323529,0.0864,0.0964,0.0914,200,134.4117647
BPA,BPA-28-BPA-5,28-BPA-5,28-expose,28,expose,28,0.48,1.968100373,0.0553,0.0533,0.0543,10,3.992647059,0.0596,0.0561,0.05785,200,85.07352941
BPA,BPA-28-C-1,28-C-1,28-C,28,control,18,0.43,1.937980915,0.0422,0.055,0.0486,10,3.573529412,0.078,0.074,0.076,100,55.88235294
BPA,BPA-28-BPA-1,28-BPA-1,28-expose,28,expose,18,0.46,1.773710343,0.0415,0.0342,0.03785,10,2.783088235,0.161,0.1519,0.15645,100,115.0367647
BPA,BPA-18-C-11,18-C-11,18-C,18,control,28,0.43,1.877212491,0.0426,0.043,0.0428,10,3.147058824,0.0488,0.0482,0.0485,200,71.32352941
BPA,BPA-18-BPA-11,18-BPA-11,18-expose,18,expose,28,0.61,2.236816451,,,,,,,,,,
BPA,BPA-28-BPA-2,28-BPA-2,28-expose,28,expose,18,0.46,1.544090497,0.0451,0.0542,0.04965,10,3.650735294,0.098,0.083,0.0905,100,66.54411765
BPA,BPA-28-C-2,28-C-2,28-C,28,control,18,0.52,2.046262533,0.0432,0.0358,0.0395,10,2.904411765,0.098,0.0899,0.09395,100,69.08088235
BPA,BPA-18-BPA-12,18-BPA-12,18-expose,18,expose,28,0.4,1.409809632,0.0953,0.0851,0.0902,10,6.632352941,0.0561,0.0525,0.0543,200,79.85294118
BPA,BPA-18-C-12,18-C-12,18-C,18,control,28,0.38,1.495345697,0.0499,0.0498,0.04985,10,3.665441176,0.0469,0.0469,0.0469,200,68.97058824
BPA,BPA-28-C-3,28-C-3,28-C,28,control,18,0.42,2.133821064,0.0357,0.0389,0.0373,10,2.742647059,0.0774,0.0787,0.07805,100,57.38970588
BPA,BPA-28-BPA-3,28-BPA-3,28-expose,28,expose,18,0.53,1.831726984,0.0496,0.0526,0.0511,10,3.757352941,0.1079,0.1101,0.109,100,80.14705882
BPA,BPA-18-C-13,18-C-13,18-C,18,control,28,0.46,1.670078953,0.049,0.0509,0.04995,10,3.672794118,0.0577,0.0534,0.05555,200,81.69117647
BPA,BPA-18-BPA-13,18-BPA-13,18-expose,18,expose,28,0.58,1.786717719,0.0539,0.0511,0.0525,10,3.860294118,0.0658,0.0647,0.06525,200,95.95588235
BPA,BPA-28-BPA-4,28-BPA-4,28-expose,28,expose,18,0.34,1.708327155,0.0394,0.0393,0.03935,10,2.893382353,0.0915,0.0915,0.0915,100,67.27941176
BPA,BPA-28-C-4,28-C-4,28-C,28,control,18,0.35,1.720204594,0.0334,0.0374,0.0354,10,2.602941176,0.1277,0.01219,0.069945,100,51.43014706
BPA,BPA-18-BPA-14,18-BPA-14,18-expose,18,expose,28,0.49,1.928208925,0.0592,0.0516,0.0554,10,4.073529412,0.0303,0.0288,0.02955,200,43.45588235
BPA,BPA-18-C-14,18-C-14,18-C,18,control,28,0.35,1.818292144,0.0823,0.0801,0.0812,10,5.970588235,0.0819,0.0803,0.0811,200,119.2647059
BPA,BPA-28-C-5,28-C-5,28-C,28,control,18,0.5,1.927946025,0.0561,0.0559,0.056,10,4.117647059,0.1007,0.1311,0.1159,100,85.22058824
BPA,BPA-28-BPA-5,28-BPA-5,28-expose,28,expose,18,0.41,1.771125259,0.0531,0.0549,0.054,10,3.970588235,0.0794,0.0783,0.07885,100,57.97794118
BPA,BPA-18-C-15,18-C-15,18-C,18,control,28,0.48,1.813812728,0.0535,0.0564,0.05495,10,4.040441176,0.0318,0.0325,0.03215,200,47.27941176
BPA,BPA-18-BPA-15,18-BPA-15,18-expose,18,expose,28,0.27,1.467411721,0.0386,0.0384,0.0385,10,2.830882353,0.037,0.0366,0.0368,200,54.11764706
BPA,BPA-28-C-6,28-C-6,28-C,28,control,18,0.44,2.115702479,0.0327,0.0335,0.0331,10,2.433823529,0.0703,0.0704,0.07035,100,51.72794118
BPA,BPA-28-BPA-6,28-BPA-6,28-expose,28,expose,18,0.53,2.002751554,,,,,,,,,,
BPA,BPA-28-C-11,28-C-11,28-C,28,control,28,0.47,2.525574803,,,,,,,,,,
BPA,BPA-28-BPA-11,28-BPA-11,28-expose,28,expose,28,0.58,2.378121284,0.0495,0.0439,0.0467,10,3.433823529,0.0422,0.0422,0.0422,200,62.05882353
BPA,BPA-28-BPA-7,28-BPA-7,28-expose,28,expose,18,0.39,2.119594707,0.0584,0.0597,0.05905,10,4.341911765,0.12,0.1241,0.12205,100,89.74264706
BPA,BPA-28-C-7,28-C-7,28-C,28,control,18,0.46,2.260840324,,,,,,,,,,
BPA,BPA-28-BPA-12,28-BPA-12,28-expose,28,expose,28,0.59,2.419123375,0.0968,0.0825,0.08965,10,6.591911765,0.1174,0.1291,0.12325,200,181.25
BPA,BPA-28-C-12,28-C-12,28-C,28,control,28,0.18,0.914494742,0.0247,0.0229,0.0238,10,1.75,0.0283,0.0279,0.0281,200,41.32352941
BPA,BPA-28-C-8,28-C-8,28-C,28,control,18,0.46,1.810155318,0.0309,0.0297,0.0303,10,2.227941176,0.0689,0.0681,0.0685,100,50.36764706
BPA,BPA-28-BPA-8,28-BPA-8,28-expose,28,expose,18,0.58,1.838089887,0.0534,0.0541,0.05375,10,3.952205882,0.103,0.1095,0.10625,100,78.125
BPA,BPA-28-C-13,28-C-13,28-C,28,control,28,0.52,1.832752521,,,,,,,,,,
BPA,BPA-28-BPA-13,28-BPA-13,28-expose,28,expose,28,0.42,1.913265306,,,,,,,,,,
BPA,BPA-28-BPA-9,28-BPA-9,28-expose,28,expose,18,0.53,2.195747219,0.0599,0.0508,0.05535,10,4.069852941,0.0694,0.0681,0.06875,100,50.55147059
BPA,BPA-28-C-9,28-C-9,28-C,28,control,18,0.49,2.256230523,0.041,0.0463,0.04365,10,3.209558824,0.1013,0.1,0.10065,100,74.00735294
BPA,BPA-28-BPA-14,28-BPA-14,28-expose,28,expose,28,0.6,2.460125466,0.0332,0.0308,0.032,10,2.352941176,0.0751,0.0753,0.0752,200,110.5882353
BPA,BPA-28-C-14,28-C-14,28-C,28,control,28,0.53,2.218699096,0.068,0.069,0.0685,10,5.036764706,0.0472,0.048,0.0476,200,70
BPA,BPA-28-C-10,28-C-10,28-C,28,control,18,0.41,1.86771137,0.0329,0.0367,0.0348,10,2.558823529,0.0724,0.0788,0.0756,100,55.58823529
BPA,BPA-28-BPA-10,28-BPA-10,28-expose,28,expose,18,0.44,2.285852981,,,,,,,,,,
BPA,BPA-28-C-15,28-C-15,28-C,28,control,28,0.46,1.703703704,0.0322,0.037,0.0346,10,2.544117647,0.0681,0.0694,0.06875,200,101.1029412
BPA,BPA-28-BPA-15,28-BPA-15,28-expose,28,expose,28,0.4,1.944501591,0.0426,0.0404,0.0415,10,3.051470588,0.0462,0.0458,0.046,200,67.64705882
BPA,BPA-28-C-11,28-C-11,28-C,28,control,18,0.48,2.073512498,,,,,,,,,,
BPA,BPA-28-BPA-11,28-BPA-11,28-expose,28,expose,18,0.52,2.671446638,0.0286,0.0354,0.032,10,2.352941176,0.0828,0.0837,0.08325,100,61.21323529
BPA,BPA-28-C-6,28-C-6,28-C,28,control,28,0.48,2.051838327,0.0512,0.0503,0.05075,10,3.731617647,0.0459,0.0468,0.04635,200,68.16176471
BPA,BPA-28-BPA-6,28-BPA-6,28-expose,28,expose,28,0.46,1.720854955,,,,,,,,,,
BPA,BPA-28-BPA-12,28-BPA-12,28-expose,28,expose,18,0.52,2.222824855,0.0425,0.0458,0.04415,10,3.246323529,0.1342,0.1456,0.1399,100,102.8676471
BPA,BPA-28-C-12,28-C-12,28-C,28,control,18,0.24,1.058892653,0.0151,0.0156,0.01535,10,1.128676471,0.0233,0.0245,0.0239,100,17.57352941
BPA,BPA-28-BPA-7,28-BPA-7,28-expose,28,expose,28,0.33,1.695341136,0.0947,0.0932,0.09395,10,6.908088235,0.0973,0.0966,0.09695,200,142.5735294
BPA,BPA-28-C-7,28-C-7,28-C,28,control,28,0.45,2.07204844,,,,,,,,,,
BPA,BPA-28-C-13,28-C-13,28-C,28,control,18,0.56,2.320034797,,,,,,,,,,
BPA,BPA-28-BPA-13,28-BPA-13,28-expose,28,expose,18,0.4,1.746244178,,,,,,,,,,
BPA,BPA-28-C-8,28-C-8,28-C,28,control,28,0.48,2.073512498,0.0481,0.0434,0.04575,10,3.363970588,0.0411,0.0431,0.0421,200,61.91176471
BPA,BPA-28-BPA-8,28-BPA-8,28-expose,28,expose,28,0.59,2.252074036,0.0902,0.0895,0.08985,10,6.606617647,0.089,0.0862,0.0876,200,128.8235294
BPA,BPA-28-BPA-14,28-BPA-14,28-expose,28,expose,18,0.59,2.630902094,0.033,0.0313,0.03215,10,2.363970588,0.0641,0.0655,0.0648,100,47.64705882
BPA,BPA-28-C-14,28-C-14,28-C,28,control,18,0.51,2.226461327,0.044,0.0425,0.04325,10,3.180147059,0.0912,0.0899,0.09055,100,66.58088235
BPA,BPA-28-BPA-9,28-BPA-9,28-expose,28,expose,28,0.4,1.802772944,0.085,0.0841,0.08455,10,6.216911765,0.0787,0.0791,0.0789,200,116.0294118
BPA,BPA-28-C-9,28-C-9,28-C,28,control,28,0.54,2.040539319,0.0565,0.0565,0.0565,10,4.154411765,0.0791,0.076,0.07755,200,114.0441176
BPA,BPA-28-C-15,28-C-15,28-C,28,control,18,0.44,1.597466824,0.0509,0.0416,0.04625,10,3.400735294,0.0358,0.0334,0.0346,100,25.44117647
BPA,BPA-28-BPA-15,28-BPA-15,28-expose,28,expose,18,0.43,1.937980915,0.0268,0.0281,0.02745,10,2.018382353,0.0789,0.0774,0.07815,100,57.46323529
BPA,BPA-28-C-10,28-C-10,28-C,28,control,28,0.4,1.746244178,0.0547,0.0559,0.0553,10,4.066176471,0.0519,0.0478,0.04985,200,73.30882353
BPF,BPF-18-C-1,18-C-1,18-C,18,control,18,0.39,1.519142658,0.0524,0.0532,0.0528,10,3.882352941,0.1122,0.1125,0.11235,100,82.61029412
BPF,BPF-18-BPF-1,18-BPF-1,18-expose,18,expose,18,0.4,1.606613593,0.0286,0.029,0.0288,10,2.117647059,0.0828,0.0841,0.08345,100,61.36029412
BPF,BPF-18-C-6,18-C-6,18-C,18,control,28,0.64,1.371742112,0.0627,0.0631,0.0629,10,4.625,0.0498,0.0497,0.04975,200,73.16176471
BPF,BPF-18-BPF-6,18-BPF-6,18-expose,18,expose,28,0.42,1.587086137,0.0511,0.0518,0.05145,10,3.783088235,0.0552,0.0557,0.05545,200,81.54411765
BPF,BPF-18-BPF-2,18-BPF-2,18-expose,18,expose,18,0.63,1.58882993,,,,,,,,,,
BPF,BPF-18-C-2,18-C-2,18-C,18,control,18,0.46,1.810155318,0.0484,0.0461,0.04725,10,3.474264706,0.0988,0.0997,0.09925,100,72.97794118
BPF,BPF-18-BPF-7,18-BPF-7,18-expose,18,expose,28,0.52,1.728710129,0.0728,0.0726,0.0727,10,5.345588235,0.0508,0.0517,0.05125,200,75.36764706
BPF,BPF-18-C-7,18-C-7,18-C,18,control,28,0.72,1.75337662,0.0718,0.078,0.0749,10,5.507352941,0.0809,0.0899,0.0854,200,125.5882353
BPF,BPF-18-C-3,18-C-3,18-C,18,control,18,0.45,1.700449433,,,,,,,,,,
BPF,BPF-18-BPF-3,18-BPF-3,18-expose,18,expose,18,0.54,2.103428296,,,,,,,,,,
BPF,BPF-18-C-8,18-C-8,18-C,18,control,28,0.49,1.440658511,0.0667,0.0672,0.06695,10,4.922794118,0.0492,0.0488,0.049,200,72.05882353
BPF,BPF-18-BPF-8,18-BPF-8,18-expose,18,expose,28,0.41,2.01509681,0.0752,0.0761,0.07565,10,5.5625,0.0449,0.0453,0.0451,200,66.32352941
BPF,BPF-18-BPF-4,18-BPF-4,18-expose,18,expose,18,0.44,1.822884484,0.0507,0.0509,0.0508,10,3.735294118,0.0841,0.0838,0.08395,100,61.72794118
BPF,BPF-18-C-4,18-C-4,18-C,18,control,18,0.61,1.914926232,0.0557,0.0558,0.05575,10,4.099264706,0.0922,0.0927,0.09245,100,67.97794118
BPF,BPF-18-BPF-9,18-BPF-9,18-expose,18,expose,28,0.46,1.866718643,0.0592,0.0592,0.0592,10,4.352941176,0.0652,0.0623,0.06375,200,93.75
BPF,BPF-18-C-9,18-C-9,18-C,18,control,28,0.6,1.848328675,0.0722,0.0726,0.0724,10,5.323529412,0.0721,0.0725,0.0723,200,106.3235294
BPF,BPF-18-C-5,18-C-5,18-C,18,control,18,0.44,1.448734807,0.0367,0.0361,0.0364,10,2.676470588,0.0862,0.0858,0.086,100,63.23529412
BPF,BPF-18-BPF-5,18-BPF-5,18-expose,18,expose,18,0.43,1.415809016,0.0431,0.0436,0.04335,10,3.1875,0.0704,0.0689,0.06965,100,51.21323529
BPF,BPF-18-C-10,18-C-10,18-C,18,control,28,0.43,1.164489978,0.0397,0.0402,0.03995,10,2.9375,0.0608,0.0604,0.0606,200,89.11764706
BPF,BPF-18-BPF-10,18-BPF-10,18-expose,18,expose,28,0.39,1.615738519,0.0902,0.0855,0.08785,10,6.459558824,0.0677,0.0673,0.0675,200,99.26470588
BPF,BPF-18-C-6,18-C-6,18-C,18,control,18,0.64,1.371742112,0.0348,0.035,0.0349,10,2.566176471,0.0752,0.0752,0.0752,100,55.29411765
BPF,BPF-18-BPF-6,18-BPF-6,18-expose,18,expose,18,0.41,1.549298372,0.0352,0.0367,0.03595,10,2.643382353,0.0559,0.0571,0.0565,100,41.54411765
BPF,BPF-18-C-1,18-C-1,18-C,18,control,28,0.4,1.558095034,0.0828,0.0835,0.08315,10,6.113970588,0.0793,0.0793,0.0793,200,116.6176471
BPF,BPF-18-BPF-1,18-BPF-1,18-expose,18,expose,28,0.41,1.646778933,0.0798,0.0796,0.0797,10,5.860294118,0.0721,0.0723,0.0722,200,106.1764706
BPF,BPF-18-BPF-7,18-BPF-7,18-expose,18,expose,18,0.5,1.662221277,0.0438,0.0427,0.04325,10,3.180147059,0.0513,0.052,0.05165,100,37.97794118
BPF,BPF-18-C-7,18-C-7,18-C,18,control,18,0.71,1.729024167,0.0426,0.0556,0.0491,10,3.610294118,0.0996,0.0977,0.09865,100,72.53676471
BPF,BPF-18-BPF-2,18-BPF-2,18-expose,18,expose,28,0.65,1.639268976,,,,,,,,,,
BPF,BPF-18-C-2,18-C-2,18-C,18,control,28,0.48,1.888857723,0.0561,0.0568,0.05645,10,4.150735294,0.0739,0.0742,0.07405,200,108.8970588
BPF,BPF-18-C-8,18-C-8,18-C,18,control,18,0.5,1.470059706,0.0298,0.0302,0.03,10,2.205882353,0.101,0.1002,0.1006,100,73.97058824
BPF,BPF-18-BPF-8,18-BPF-8,18-expose,18,expose,18,0.41,2.01509681,0.0568,0.0577,0.05725,10,4.209558824,0.0793,0.0789,0.0791,100,58.16176471
BPF,BPF-18-C-3,18-C-3,18-C,18,control,28,0.48,1.813812728,,,,,,,,,,
BPF,BPF-18-BPF-3,18-BPF-3,18-expose,18,expose,28,0.55,2.142380672,,,,,,,,,,
BPF,BPF-18-BPF-9,18-BPF-9,18-expose,18,expose,18,0.43,1.744976122,0.0276,0.0271,0.02735,10,2.011029412,0.0438,0.0421,0.04295,100,31.58088235
BPF,BPF-18-C-9,18-C-9,18-C,18,control,18,0.58,1.786717719,0.0517,0.0513,0.0515,10,3.786764706,0.0936,0.0943,0.09395,100,69.08088235
BPF,BPF-18-BPF-4,18-BPF-4,18-expose,18,expose,28,0.46,1.905742869,0.0584,0.0591,0.05875,10,4.319852941,0.0448,0.0442,0.0445,200,65.44117647
BPF,BPF-18-C-4,18-C-4,18-C,18,control,28,0.58,1.820749532,0.0697,0.0702,0.06995,10,5.143382353,0.0757,0.0733,0.0745,200,109.5588235
BPF,BPF-18-C-10,18-C-10,18-C,18,control,18,0.41,1.110327653,0.0242,0.0246,0.0244,10,1.794117647,0.0449,0.0413,0.0431,100,31.69117647
BPF,BPF-18-BPF-10,18-BPF-10,18-expose,18,expose,18,0.39,1.615738519,0.05,0.0497,0.04985,10,3.665441176,0.0862,0.0861,0.08615,100,63.34558824
BPF,BPF-18-C-5,18-C-5,18-C,18,control,28,0.47,1.54751218,0.0586,0.0585,0.05855,10,4.305147059,0.0659,0.0657,0.0658,200,96.76470588
BPF,BPF-18-BPF-5,18-BPF-5,18-expose,18,expose,28,0.42,1.382883225,0.0629,0.063,0.06295,10,4.628676471,0.0395,0.0389,0.0392,200,57.64705882
BPF,BPF-18-C-11,18-C-11,18-C,18,control,18,0.43,1.744976122,0.0332,0.0319,0.03255,10,2.393382353,0.0842,0.0837,0.08395,100,61.72794118
BPF,BPF-18-BPF-11,18-BPF-11,18-expose,18,expose,18,0.47,1.988163826,0.0608,0.0604,0.0606,10,4.455882353,0.0885,0.0883,0.0884,100,65
BPF,BPF-28-C-1,28-C-1,28-C,28,control,28,0.58,1.965859861,0.0543,0.0551,0.0547,10,4.022058824,0.0412,0.0412,0.0412,200,60.58823529
BPF,BPF-28-BPF-1,28-BPF-1,28-expose,28,expose,28,0.43,1.979957398,0.0812,0.0794,0.0803,10,5.904411765,0.078,0.0831,0.08055,200,118.4558824
BPF,BPF-18-BPF-12,18-BPF-12,18-expose,18,expose,18,0.47,2.030314321,,,,,,,,,,
BPF,BPF-18-C-12,18-C-12,18-C,18,control,18,0.42,1.465834743,,,,,,,,,,
BPF,BPF-28-BPF-2,28-BPF-2,28-expose,28,expose,28,0.55,1.516626738,,,,,,,,,,
BPF,BPF-28-C-2,28-C-2,28-C,28,control,28,0.67,1.704661103,0.0674,0.0672,0.0673,10,4.948529412,0.0554,0.0562,0.0558,200,82.05882353
BPF,BPF-18-C-13,18-C-13,18-C,18,control,18,0.52,1.850898455,0.0375,0.0374,0.03745,10,2.753676471,0.0672,0.0658,0.0665,100,48.89705882
BPF,BPF-18-BPF-13,18-BPF-13,18-expose,18,expose,18,0.46,1.905742869,0.0512,0.0511,0.05115,10,3.761029412,0.0812,0.0819,0.08155,100,59.96323529
BPF,BPF-28-C-3,28-C-3,28-C,28,control,28,0.44,1.749241674,0.0887,0.0886,0.08865,10,6.518382353,0.0781,0.0775,0.0778,200,114.4117647
BPF,BPF-28-BPF-3,28-BPF-3,28-expose,28,expose,28,0.57,1.876770091,0.0481,0.047,0.04755,10,3.496323529,0.0509,0.0467,0.0488,200,71.76470588
BPF,BPF-18-BPF-14,18-BPF-14,18-expose,18,expose,18,0.53,1.813943351,0.0617,0.0553,0.0585,10,4.301470588,0.0751,0.0689,0.072,100,52.94117647
BPF,BPF-18-C-14,18-C-14,18-C,18,control,18,0.45,1.717683587,0.0396,0.0398,0.0397,10,2.919117647,0.0795,0.0797,0.0796,100,58.52941176
BPF,BPF-28-BPF-4,28-BPF-4,28-expose,28,expose,28,0.51,1.79750728,0.0424,0.0452,0.0438,10,3.220588235,0.0662,0.0648,0.0655,200,96.32352941
BPF,BPF-28-C-4,28-C-4,28-C,28,control,28,0.4,1.511510607,0.0574,0.0581,0.05775,10,4.246323529,0.0644,0.0642,0.0643,200,94.55882353
BPF,BPF-18-C-15,18-C-15,18-C,18,control,18,0.63,1.706113223,,,,,,,,,,
BPF,BPF-18-BPF-15,18-BPF-15,18-expose,18,expose,18,0.68,1.841519034,0.0412,0.0409,0.04105,10,3.018382353,0.0538,0.0542,0.054,100,39.70588235
BPF,BPF-28-C-5,28-C-5,28-C,28,control,28,0.33,1.339167722,0.0711,0.0717,0.0714,10,5.25,0.0648,0.0655,0.06515,200,95.80882353
BPF,BPF-28-BPF-5,28-BPF-5,28-expose,28,expose,28,0.52,1.632396132,0.0645,0.0631,0.0638,10,4.691176471,0.0802,0.0891,0.08465,200,124.4852941
BPF,BPF-28-C-1,28-C-1,28-C,28,control,18,0.59,1.999753996,0.0338,0.0334,0.0336,10,2.470588235,0.0698,0.0705,0.07015,100,51.58088235
BPF,BPF-28-BPF-1,28-BPF-1,28-expose,28,expose,18,0.44,1.696592502,0.0459,0.0466,0.04625,10,3.400735294,0.0904,0.0879,0.08915,100,65.55147059
BPF,BPF-18-C-11,18-C-11,18-C,18,control,28,0.44,1.785556962,0.0702,0.0707,0.07045,10,5.180147059,0.0529,0.0565,0.0547,200,80.44117647
BPF,BPF-18-BPF-11,18-BPF-11,18-expose,18,expose,28,0.45,1.90356111,0.0688,0.0692,0.069,10,5.073529412,0.0446,0.0463,0.04545,200,66.83823529
BPF,BPF-28-BPF-2,28-BPF-2,28-expose,28,expose,18,0.51,1.711926421,,,,,,,,,,
BPF,BPF-28-C-2,28-C-2,28-C,28,control,18,0.67,1.704661103,0.0593,0.0607,0.06,10,4.411764706,0.103,0.106,0.1045,100,76.83823529
BPF,BPF-18-BPF-12,18-BPF-12,18-expose,18,expose,28,0.46,1.925663366,,,,,,,,,,
BPF,BPF-18-C-12,18-C-12,18-C,18,control,28,0.43,1.50073557,,,,,,,,,,
BPF,BPF-28-C-3,28-C-3,28-C,28,control,18,0.46,1.828752659,0.0449,0.0445,0.0447,10,3.286764706,0.0956,0.0963,0.09595,100,70.55147059
BPF,BPF-28-BPF-3,28-BPF-3,28-expose,28,expose,18,0.57,1.96997053,0.0282,0.028,0.0281,10,2.066176471,0.0487,0.0503,0.0495,100,36.39705882
BPF,BPF-18-C-13,18-C-13,18-C,18,control,28,0.51,1.815304254,0.0586,0.0585,0.05855,10,4.305147059,0.0659,0.0657,0.0658,200,96.76470588
BPF,BPF-18-BPF-13,18-BPF-13,18-expose,18,expose,28,0.42,1.740026098,0.0821,0.0838,0.08295,10,6.099264706,0.0807,0.0802,0.08045,200,118.3088235
BPF,BPF-28-BPF-4,28-BPF-4,28-expose,28,expose,18,0.49,1.727016799,0.0478,0.0479,0.04785,10,3.518382353,0.1058,0.1065,0.10615,100,78.05147059
BPF,BPF-28-C-4,28-C-4,28-C,28,control,18,0.39,1.444444444,0.0377,0.0371,0.0374,10,2.75,0.0806,0.0791,0.07985,100,58.71323529
BPF,BPF-18-BPF-14,18-BPF-14,18-expose,18,expose,28,0.5,1.711267313,0.0836,0.0803,0.08195,10,6.025735294,0.0748,0.0707,0.07275,200,106.9852941
BPF,BPF-18-C-14,18-C-14,18-C,18,control,28,0.47,1.79402508,0.0766,0.0776,0.0771,10,5.669117647,0.0691,0.0708,0.06995,200,102.8676471
BPF,BPF-28-C-5,28-C-5,28-C,28,control,18,0.32,1.298586882,0.048,0.0481,0.04805,10,3.533088235,0.092,0.0919,0.09195,100,67.61029412
BPF,BPF-28-BPF-5,28-BPF-5,28-expose,28,expose,18,0.58,1.820749532,0.0387,0.0392,0.03895,10,2.863970588,0.0752,0.0758,0.0755,100,55.51470588
BPF,BPF-18-C-15,18-C-15,18-C,18,control,28,0.64,1.733194385,,,,,,,,,,
BPF,BPF-18-BPF-15,18-BPF-15,18-expose,18,expose,28,0.66,1.78735671,0.0663,0.0662,0.06625,10,4.871323529,0.0396,0.0401,0.03985,200,58.60294118
BPF,BPF-28-C-6,28-C-6,28-C,28,control,18,0.54,1.941180296,0.0393,0.0396,0.03945,10,2.900735294,0.0662,0.0699,0.06805,100,50.03676471
BPF,BPF-28-BPF-6,28-BPF-6,28-expose,28,expose,18,0.51,1.87012523,,,,,,,,,,
BPF,BPF-28-C-11,28-C-11,28-C,28,control,28,0.5,1.74504136,0.051,0.0443,0.04765,10,3.503676471,0.042,0.0496,0.0458,200,67.35294118
BPF,BPF-28-BPF-11,28-BPF-11,28-expose,28,expose,28,0.52,1.514792899,0.0593,0.0626,0.06095,10,4.481617647,0.0643,0.0502,0.05725,200,84.19117647
BPF,BPF-28-BPF-7,28-BPF-7,28-expose,28,expose,18,0.62,1.725241395,0.0512,0.0548,0.053,10,3.897058824,0.094,0.1041,0.09905,100,72.83088235
BPF,BPF-28-C-7,28-C-7,28-C,28,control,18,0.76,2.021525254,0.0389,0.0387,0.0388,10,2.852941176,0.0693,0.0756,0.07245,100,53.27205882
BPF,BPF-28-BPF-12,28-BPF-12,28-expose,28,expose,28,0.52,1.712141135,0.0799,0.0827,0.0813,10,5.977941176,0.1012,0.0976,0.0994,200,146.1764706
BPF,BPF-28-C-12,28-C-12,28-C,28,control,28,0.65,1.893491124,0.0823,0.0918,0.08705,10,6.400735294,0.0896,0.0874,0.0885,200,130.1470588
BPF,BPF-28-C-8,28-C-8,28-C,28,control,18,0.52,2.025523544,0.0405,0.0468,0.04365,10,3.209558824,0.101,0.0993,0.10015,100,73.63970588
BPF,BPF-28-BPF-8,28-BPF-8,28-expose,28,expose,18,0.57,1.789357298,0.0381,0.0376,0.03785,10,2.783088235,0.0864,0.0896,0.088,100,64.70588235
BPF,BPF-28-C-13,28-C-13,28-C,28,control,28,0.66,1.771350626,,,,,,,,,,
BPF,BPF-28-BPF-13,28-BPF-13,28-expose,28,expose,28,0.66,1.836547291,0.0497,0.059,0.05435,10,3.996323529,0.055,0.0656,0.0603,200,88.67647059
BPF,BPF-28-BPF-9,28-BPF-9,28-expose,28,expose,18,0.47,1.84950652,0.0396,0.0398,0.0397,10,2.919117647,0.0582,0.0578,0.058,100,42.64705882
BPF,BPF-28-C-9,28-C-9,28-C,28,control,18,0.7,1.965668808,,,,,,,,,,
BPF,BPF-28-BPF-14,28-BPF-14,28-expose,28,expose,28,0.57,1.823657152,,,,,,,,,,
BPF,BPF-28-C-14,28-C-14,28-C,28,control,28,0.46,1.828752659,,,,,,,,,,
BPF,BPF-28-C-10,28-C-10,28-C,28,control,18,0.6,1.848328675,0.0483,0.0544,0.05135,10,3.775735294,0.0802,0.0821,0.08115,100,59.66911765
BPF,BPF-28-BPF-10,28-BPF-10,28-expose,28,expose,18,0.74,2.040552338,0.0499,0.0499,0.0499,10,3.669117647,0.091,0.1074,0.0992,100,72.94117647
BPF,BPF-28-C-15,28-C-15,28-C,28,control,28,0.5,1.779710052,0.0972,0.0955,0.09635,10,7.084558824,0.0883,0.0881,0.0882,200,129.7058824
BPF,BPF-28-BPF-15,28-BPF-15,28-expose,28,expose,28,0.72,2.003506136,0.0598,0.0603,0.06005,10,4.415441176,0.0708,0.0752,0.073,200,107.3529412
BPF,BPF-28-C-11,28-C-11,28-C,28,control,18,0.49,1.710140533,0.0258,0.0255,0.02565,10,1.886029412,0.0653,0.0716,0.06845,100,50.33088235
BPF,BPF-28-BPF-11,28-BPF-11,28-expose,28,expose,18,0.53,1.543923532,0.0343,0.042,0.03815,10,2.805147059,0.0676,0.066,0.0668,100,49.11764706
BPF,BPF-28-C-6,28-C-6,28-C,28,control,28,0.51,1.833336946,0.0635,0.069,0.06625,10,4.871323529,0.0459,0.048,0.04695,200,69.04411765
BPF,BPF-28-BPF-6,28-BPF-6,28-expose,28,expose,28,0.49,1.796786986,,,,,,,,,,
BPF,BPF-28-BPF-12,28-BPF-12,28-expose,28,expose,18,0.51,1.679215344,0.0379,0.0388,0.03835,10,2.819852941,0.0698,0.0697,0.06975,100,51.28676471
BPF,BPF-28-C-12,28-C-12,28-C,28,control,18,0.67,1.95175239,0.0593,0.0528,0.05605,10,4.121323529,0.1103,0.108,0.10915,100,80.25735294
BPF,BPF-28-BPF-7,28-BPF-7,28-expose,28,expose,28,0.61,1.697414921,0.0852,0.0806,0.0829,10,6.095588235,0.0743,0.0755,0.0749,200,110.1470588
BPF,BPF-28-C-7,28-C-7,28-C,28,control,28,0.77,2.048124271,0.0603,0.0699,0.0651,10,4.786764706,0.0441,0.057,0.05055,200,74.33823529
BPF,BPF-28-C-13,28-C-13,28-C,28,control,18,0.66,1.771350626,,,,,,,,,,
BPF,BPF-28-BPF-13,28-BPF-13,28-expose,28,expose,18,0.65,1.808720817,0.0358,0.0347,0.03525,10,2.591911765,0.0782,0.0755,0.07685,100,56.50735294
BPF,BPF-28-C-8,28-C-8,28-C,28,control,28,0.51,1.485662267,0.0623,0.0742,0.06825,10,5.018382353,0.0627,0.0656,0.06415,200,94.33823529
BPF,BPF-28-BPF-8,28-BPF-8,28-expose,28,expose,28,0.56,2.181333048,0.0503,0.0532,0.05175,10,3.805147059,0.0598,0.0595,0.05965,200,87.72058824
BPF,BPF-28-BPF-14,28-BPF-14,28-expose,28,expose,18,0.55,1.759669182,,,,,,,,,,
BPF,BPF-28-C-14,28-C-14,28-C,28,control,18,0.47,1.868508152,,,,,,,,,,
BPF,BPF-28-BPF-9,28-BPF-9,28-expose,28,expose,28,0.46,1.810155318,0.0422,0.0581,0.05015,10,3.6875,0.0692,0.0579,0.06355,200,93.45588235
BPF,BPF-28-C-9,28-C-9,28-C,28,control,28,0.68,1.909506842,,,,,,,,,,
BPF,BPF-28-C-15,28-C-15,28-C,28,control,18,0.49,1.744115851,0.0526,0.0554,0.054,10,3.970588235,0.0996,0.0977,0.09865,100,72.53676471
BPF,BPF-28-BPF-15,28-BPF-15,28-expose,28,expose,18,0.7,1.947853188,0.0392,0.0387,0.03895,10,2.863970588,0.0827,0.083,0.08285,100,60.91911765
BPF,BPF-28-C-10,28-C-10,28-C,28,control,28,0.61,1.879134153,0.0729,0.0813,0.0771,10,5.669117647,0.0452,0.0505,0.04785,200,70.36764706
BPF,BPF-28-BPF-10,28-BPF-10,28-expose,28,expose,28,0.7,1.930252211,0.0744,0.0782,0.0763,10,5.610294118,0.0821,0.0864,0.08425,200,123.8970588
BPS,BPS-18-C-1,18-C-1,18-C,18,control,18,0.41,1.681085735,0.0652,0.0634,0.0643,10,4.727941176,0.1151,0.109,0.11205,100,82.38970588
BPS,BPS-18-BPS-1,18-BPS-1,18-expose,18,expose,18,0.6,1.654501896,0.0487,0.0491,0.0489,10,3.595588235,0.0812,0.0814,0.0813,100,59.77941176
BPS,BPS-18-C-6,18-C-6,18-C,18,control,28,0.42,1.669730689,0.0806,0.0878,0.0842,10,6.191176471,0.0595,0.055,0.05725,200,84.19117647
BPS,BPS-18-BPS-6,18-BPS-6,18-expose,18,expose,28,0.4,1.92336589,0.0624,0.0641,0.06325,10,4.650735294,0.0642,0.0651,0.06465,200,95.07352941
BPS,BPS-18-BPS-2,18-BPS-2,18-expose,18,expose,18,0.42,1.480300113,0.0462,0.0468,0.0465,10,3.419117647,0.0636,0.0644,0.064,100,47.05882353
BPS,BPS-18-C-2,18-C-2,18-C,18,control,18,0.4,1.252131021,0.0362,0.0302,0.0332,10,2.441176471,0.0778,0.077,0.0774,100,56.91176471
BPS,BPS-18-BPS-7,18-BPS-7,18-expose,18,expose,28,0.42,1.409821758,0.0468,0.044,0.0454,10,3.338235294,0.05,0.0502,0.0501,200,73.67647059
BPS,BPS-18-C-7,18-C-7,18-C,18,control,28,0.56,1.935409643,0.0501,0.0524,0.05125,10,3.768382353,0.0565,0.059,0.05775,200,84.92647059
BPS,BPS-18-C-3,18-C-3,18-C,18,control,18,0.49,2.072766542,,,,,,,,,,
BPS,BPS-18-BPS-3,18-BPS-3,18-expose,18,expose,18,0.44,1.841938872,,,,,,,,,,
BPS,BPS-18-C-8,18-C-8,18-C,18,control,28,0.6,2.156866995,0.0688,0.0689,0.06885,10,5.0625,0.0586,0.0583,0.05845,200,85.95588235
BPS,BPS-18-BPS-8,18-BPS-8,18-expose,18,expose,28,0.33,1.41063885,0.0614,0.0639,0.06265,10,4.606617647,0.0335,0.0326,0.03305,200,48.60294118
BPS,BPS-18-BPS-4,18-BPS-4,18-expose,18,expose,18,0.39,1.684728904,0.0492,0.0491,0.04915,10,3.613970588,0.0808,0.0809,0.08085,100,59.44852941
BPS,BPS-18-C-4,18-C-4,18-C,18,control,18,0.41,1.59704741,0.0597,0.0579,0.0588,10,4.323529412,0.0821,0.0897,0.0859,100,63.16176471
BPS,BPS-18-BPS-9,18-BPS-9,18-expose,18,expose,28,0.39,1.415936503,0.0402,0.0315,0.03585,10,2.636029412,0.0369,0.0379,0.0374,200,55
BPS,BPS-18-C-9,18-C-9,18-C,18,control,28,0.5,1.599699257,,,,,,,,,,
BPS,BPS-18-C-5,18-C-5,18-C,18,control,18,0.52,1.745493605,0.0598,0.0585,0.05915,10,4.349264706,0.0988,0.1004,0.0996,100,73.23529412
BPS,BPS-18-BPS-5,18-BPS-5,18-expose,18,expose,18,0.48,1.850828184,0.0253,0.0207,0.023,10,1.691176471,0.0961,0.0986,0.09735,100,71.58088235
BPS,BPS-18-C-10,18-C-10,18-C,18,control,28,0.42,1.509806897,0.0562,0.0587,0.05745,10,4.224264706,0.0433,0.0457,0.0445,200,65.44117647
BPS,BPS-18-BPS-10,18-BPS-10,18-expose,18,expose,28,0.49,2.072766542,0.0456,0.0419,0.04375,10,3.216911765,0.0753,0.0764,0.07585,200,111.5441176
BPS,BPS-18-C-6,18-C-6,18-C,18,control,18,0.42,1.669730689,0.0486,0.0494,0.049,10,3.602941176,0.0717,0.0784,0.07505,100,55.18382353
BPS,BPS-18-BPS-6,18-BPS-6,18-expose,18,expose,18,0.46,2.211870774,0.0326,0.0322,0.0324,10,2.382352941,0.0607,0.0602,0.06045,100,44.44852941
BPS,BPS-18-C-1,18-C-1,18-C,18,control,28,0.46,1.886096191,0.0709,0.0703,0.0706,10,5.191176471,0.0622,0.0619,0.06205,200,91.25
BPS,BPS-18-BPS-1,18-BPS-1,18-expose,18,expose,28,0.61,1.682076927,0.0477,0.0489,0.0483,10,3.551470588,0.0614,0.0611,0.06125,200,90.07352941
BPS,BPS-18-BPS-7,18-BPS-7,18-expose,18,expose,18,0.47,1.577657682,0.0274,0.033,0.0302,10,2.220588235,0.0643,0.0719,0.0681,100,50.07352941
BPS,BPS-18-C-7,18-C-7,18-C,18,control,18,0.55,1.900848757,0.0397,0.0347,0.0372,10,2.735294118,0.0872,0.0903,0.08875,100,65.25735294
BPS,BPS-18-BPS-2,18-BPS-2,18-expose,18,expose,28,0.4,1.409809632,0.0524,0.0531,0.05275,10,3.878676471,0.0498,0.0492,0.0495,200,72.79411765
BPS,BPS-18-C-2,18-C-2,18-C,18,control,28,0.37,1.158221194,0.0743,0.0788,0.07655,10,5.628676471,0.0611,0.0593,0.0602,200,88.52941176
BPS,BPS-18-C-8,18-C-8,18-C,18,control,18,0.55,1.977128079,0.0522,0.0513,0.05175,10,3.805147059,0.0802,0.0807,0.08045,100,59.15441176
BPS,BPS-18-BPS-8,18-BPS-8,18-expose,18,expose,18,0.39,1.667118641,0.0474,0.0442,0.0458,10,3.367647059,0.0678,0.0662,0.067,100,49.26470588
BPS,BPS-18-C-3,18-C-3,18-C,18,control,28,0.47,1.988163826,,,,,,,,,,
BPS,BPS-18-BPS-3,18-BPS-3,18-expose,18,expose,28,0.43,1.800076625,,,,,,,,,,
BPS,BPS-18-BPS-9,18-BPS-9,18-expose,18,expose,18,0.39,1.415936503,0.0252,0.031,0.0281,10,2.066176471,0.0397,0.039,0.03935,100,28.93382353
BPS,BPS-18-C-9,18-C-9,18-C,18,control,18,0.47,1.503717301,,,,,,,,,,
BPS,BPS-18-BPS-4,18-BPS-4,18-expose,18,expose,28,0.4,1.727927081,0.0532,0.0528,0.053,10,3.897058824,0.0554,0.0558,0.0556,200,81.76470588
BPS,BPS-18-C-4,18-C-4,18-C,18,control,28,0.47,1.830761665,0.0633,0.0602,0.06175,10,4.540441176,0.0735,0.0772,0.07535,200,110.8088235
BPS,BPS-18-C-10,18-C-10,18-C,18,control,18,0.44,1.581702463,0.0564,0.0575,0.05695,10,4.1875,0.0768,0.0819,0.07935,100,58.34558824
BPS,BPS-18-BPS-10,18-BPS-10,18-expose,18,expose,18,0.47,1.988163826,0.0317,0.0334,0.03255,10,2.393382353,0.0908,0.0904,0.0906,100,66.61764706
BPS,BPS-18-C-5,18-C-5,18-C,18,control,28,0.54,1.812627975,0.0737,0.0725,0.0731,10,5.375,0.0628,0.0627,0.06275,200,92.27941176
BPS,BPS-18-BPS-5,18-BPS-5,18-expose,18,expose,28,0.42,1.619474661,0.0277,0.0271,0.0274,10,2.014705882,0.0803,0.0808,0.08055,200,118.4558824
BPS,BPS-18-C-11,18-C-11,18-C,18,control,18,0.44,1.920868596,,,,,,,,,,
BPS,BPS-18-BPS-11,18-BPS-11,18-expose,18,expose,18,0.21,1.266481218,0.038,0.0327,0.03535,10,2.599264706,0.0462,0.0486,0.0474,100,34.85294118
BPS,BPS-28-C-1,28-C-1,28-C,28,control,28,0.5,1.967560128,0.066,0.0607,0.06335,10,4.658088235,0.0774,0.0765,0.07695,200,113.1617647
BPS,BPS-28-BPS-1,28-BPS-1,28-expose,28,expose,28,0.36,1.431197733,0.0643,0.0579,0.0611,10,4.492647059,0.0729,0.0713,0.0721,200,106.0294118
BPS,BPS-18-BPS-12,18-BPS-12,18-expose,18,expose,18,0.39,1.430095764,,,,,,,,,,
BPS,BPS-18-C-12,18-C-12,18-C,18,control,18,0.45,1.555239892,0.0409,0.0419,0.0414,10,3.044117647,0.0689,0.0659,0.0674,100,49.55882353
BPS,BPS-28-BPS-2,28-BPS-2,28-expose,28,expose,28,0.39,1.430095764,0.0365,0.0356,0.03605,10,2.650735294,0.0795,0.0688,0.07415,200,109.0441176
BPS,BPS-28-C-2,28-C-2,28-C,28,control,28,0.38,1.421575833,0.0331,0.0383,0.0357,10,2.625,0.0681,0.0706,0.06935,200,101.9852941
BPS,BPS-18-C-13,18-C-13,18-C,18,control,18,0.4,1.841820835,0.0528,0.0525,0.05265,10,3.871323529,0.0978,0.0964,0.0971,100,71.39705882
BPS,BPS-18-BPS-13,18-BPS-13,18-expose,18,expose,18,0.4,2.032210537,0.0507,0.0501,0.0504,10,3.705882353,0.0887,0.0894,0.08905,100,65.47794118
BPS,BPS-28-C-3,28-C-3,28-C,28,control,28,0.32,1.342386604,0.059,0.0533,0.05615,10,4.128676471,0.0736,0.0751,0.07435,200,109.3382353
BPS,BPS-28-BPS-3,28-BPS-3,28-expose,28,expose,28,0.41,1.789900282,0.0529,0.0489,0.0509,10,3.742647059,0.0696,0.0747,0.07215,200,106.1029412
BPS,BPS-18-BPS-14,18-BPS-14,18-expose,18,expose,18,0.48,1.888857723,0.0478,0.0478,0.0478,10,3.514705882,0.0843,0.0837,0.084,100,61.76470588
BPS,BPS-18-C-14,18-C-14,18-C,18,control,18,0.44,2.004373178,0.0636,0.0662,0.0649,10,4.772058824,0.0633,0.0633,0.0633,100,46.54411765
BPS,BPS-28-BPS-4,28-BPS-4,28-expose,28,expose,28,0.43,2.001400794,0.0601,0.069,0.06455,10,4.746323529,0.0809,0.0829,0.0819,200,120.4411765
BPS,BPS-28-C-4,28-C-4,28-C,28,control,28,0.56,1.616349327,0.0745,0.0771,0.0758,10,5.573529412,0.093,0.0933,0.09315,200,136.9852941
BPS,BPS-18-C-15,18-C-15,18-C,18,control,18,0.43,2.136789513,0.0498,0.0491,0.04945,10,3.636029412,0.0954,0.0957,0.09555,100,70.25735294
BPS,BPS-18-BPS-15,18-BPS-15,18-expose,18,expose,18,0.5,2.277696793,,,,,,,,,,
BPS,BPS-28-C-5,28-C-5,28-C,28,control,28,0.41,1.929054731,0.048,0.0544,0.0512,10,3.764705882,0.062,0.0622,0.0621,200,91.32352941
BPS,BPS-28-BPS-5,28-BPS-5,28-expose,28,expose,28,0.49,1.727016799,0.0283,0.0342,0.03125,10,2.297794118,0.0494,0.0514,0.0504,200,74.11764706
BPS,BPS-28-C-1,28-C-1,28-C,28,control,18,0.57,2.243018546,0.0311,0.0397,0.0354,10,2.602941176,0.076,0.0935,0.08475,100,62.31617647
BPS,BPS-28-BPS-1,28-BPS-1,28-expose,28,expose,18,0.35,1.391442241,0.0447,0.0448,0.04475,10,3.290441176,0.0117,0.1118,0.06175,100,45.40441176
BPS,BPS-18-C-11,18-C-11,18-C,18,control,28,0.45,1.9645247,,,,,,,,,,
BPS,BPS-18-BPS-11,18-BPS-11,18-expose,18,expose,28,0.22,1.326789847,0.0469,0.0477,0.0473,10,3.477941176,0.0338,0.0311,0.03245,200,47.72058824
BPS,BPS-28-BPS-2,28-BPS-2,28-expose,28,expose,18,0.36,1.320088398,0.0321,0.034,0.03305,10,2.430147059,0.1153,0.1076,0.11145,100,81.94852941
BPS,BPS-28-C-2,28-C-2,28-C,28,control,18,0.42,1.571215394,0.0304,0.0281,0.02925,10,2.150735294,0.0877,0.094,0.09085,100,66.80147059
BPS,BPS-18-BPS-12,18-BPS-12,18-expose,18,expose,28,0.44,1.613441375,,,,,,,,,,
BPS,BPS-18-C-12,18-C-12,18-C,18,control,28,0.46,1.589800778,0.0441,0.0494,0.04675,10,3.4375,0.0534,0.0563,0.05485,200,80.66176471
BPS,BPS-28-C-3,28-C-3,28-C,28,control,18,0.39,1.636033673,0.0439,0.0505,0.0472,10,3.470588235,0.0918,0.0943,0.09305,100,68.41911765
BPS,BPS-28-BPS-3,28-BPS-3,28-expose,28,expose,18,0.46,2.008180805,0.0386,0.041,0.0398,10,2.926470588,0.0852,0.095,0.0901,100,66.25
BPS,BPS-18-C-13,18-C-13,18-C,18,control,28,0.41,1.887866356,0.0646,0.0672,0.0659,10,4.845588235,0.0862,0.0844,0.0853,200,125.4411765
BPS,BPS-18-BPS-13,18-BPS-13,18-expose,18,expose,28,0.42,2.133821064,0.0562,0.0556,0.0559,10,4.110294118,0.0742,0.0737,0.07395,200,108.75
BPS,BPS-28-BPS-4,28-BPS-4,28-expose,28,expose,18,0.46,2.141033408,0.0488,0.0404,0.0446,10,3.279411765,0.1023,0.1092,0.10575,100,77.75735294
BPS,BPS-28-C-4,28-C-4,28-C,28,control,18,0.51,1.472032423,0.0559,0.05,0.05295,10,3.893382353,0.1083,0.1395,0.1239,100,91.10294118
BPS,BPS-18-BPS-14,18-BPS-14,18-expose,18,expose,28,0.49,1.928208925,0.0511,0.0508,0.05095,10,3.746323529,0.0631,0.0633,0.0632,200,92.94117647
BPS,BPS-18-C-14,18-C-14,18-C,18,control,28,0.4,1.822157434,0.0465,0.0443,0.0454,10,3.338235294,0.0571,0.0603,0.0587,200,86.32352941
BPS,BPS-28-C-5,28-C-5,28-C,28,control,18,0.38,1.787904385,0.0653,0.0682,0.06675,10,4.908088235,0.0835,0.0863,0.0849,100,62.42647059
BPS,BPS-28-BPS-5,28-BPS-5,28-expose,28,expose,18,0.48,1.691771558,0.0271,0.0239,0.0255,10,1.875,0.0762,0.0674,0.0718,100,52.79411765
BPS,BPS-18-C-15,18-C-15,18-C,18,control,28,0.39,1.938018395,0.067,0.0659,0.06645,10,4.886029412,0.0872,0.0879,0.08755,200,128.75
BPS,BPS-18-BPS-15,18-BPS-15,18-expose,18,expose,28,0.45,2.049927114,,,,,,,,,,
BPS,BPS-28-C-6,28-C-6,28-C,28,control,18,0.36,1.57161976,0.0499,0.0491,0.0495,10,3.639705882,0.0921,0.097,0.09455,100,69.52205882
BPS,BPS-28-BPS-6,28-BPS-6,28-expose,28,expose,18,0.41,1.663814442,,,,,,,,,,
BPS,BPS-28-C-11,28-C-11,28-C,28,control,28,0.46,1.773710343,0.0733,0.0781,0.0757,10,5.566176471,0.0595,0.0483,0.0539,200,79.26470588
BPS,BPS-28-BPS-11,28-BPS-11,28-expose,28,expose,28,0.39,1.444444444,0.06,0.063,0.0615,10,4.522058824,0.066,0.0693,0.06765,200,99.48529412
BPS,BPS-28-BPS-7,28-BPS-7,28-expose,28,expose,18,0.42,1.853062143,0.0389,0.0435,0.0412,10,3.029411765,0.0926,0.0898,0.0912,100,67.05882353
BPS,BPS-28-C-7,28-C-7,28-C,28,control,18,0.53,2.002751554,,,,,,,,,,
BPS,BPS-28-BPS-12,28-BPS-12,28-expose,28,expose,28,0.29,1.106951645,0.0377,0.0391,0.0384,10,2.823529412,0.0547,0.0472,0.05095,200,74.92647059
BPS,BPS-28-C-12,28-C-12,28-C,28,control,28,0.43,1.709486181,,,,,,,,,,
BPS,BPS-28-C-8,28-C-8,28-C,28,control,18,0.54,2.020134078,0.0578,0.0675,0.06265,10,4.606617647,0.0929,0.0953,0.0941,100,69.19117647
BPS,BPS-28-BPS-8,28-BPS-8,28-expose,28,expose,18,0.19,0.847239658,0.037,0.0393,0.03815,10,2.805147059,0.0427,0.0398,0.04125,100,30.33088235
BPS,BPS-28-C-13,28-C-13,28-C,28,control,28,0.37,1.581625377,0.0512,0.0515,0.05135,10,3.775735294,0.0563,0.0567,0.0565,200,83.08823529
BPS,BPS-28-BPS-13,28-BPS-13,28-expose,28,expose,28,0.34,1.423316401,,,,,,,,,,
BPS,BPS-28-BPS-9,28-BPS-9,28-expose,28,expose,18,0.52,1.572129244,,,,,,,,,,
BPS,BPS-28-C-9,28-C-9,28-C,28,control,18,0.42,1.331030608,,,,,,,,,,
BPS,BPS-28-BPS-14,28-BPS-14,28-expose,28,expose,28,0.38,1.159667969,0.0756,0.0715,0.07355,10,5.408088235,0.0721,0.0741,0.0731,200,107.5
BPS,BPS-28-C-14,28-C-14,28-C,28,control,28,0.41,1.228050543,0.0826,0.0813,0.08195,10,6.025735294,0.0642,0.0645,0.06435,200,94.63235294
BPS,BPS-28-C-10,28-C-10,28-C,28,control,18,0.48,1.47866294,0.0312,0.0329,0.03205,10,2.356617647,0.0772,0.0779,0.07755,100,57.02205882
BPS,BPS-28-BPS-10,28-BPS-10,28-expose,28,expose,18,0.39,1.574522713,0.0552,0.0551,0.05515,10,4.055147059,0.0758,0.0827,0.07925,100,58.27205882
BPS,BPS-28-C-15,28-C-15,28-C,28,control,28,0.41,1.908312385,0.0722,0.0772,0.0747,10,5.492647059,0.0811,0.0829,0.082,200,120.5882353
BPS,BPS-28-BPS-15,28-BPS-15,28-expose,28,expose,28,0.35,1.152402687,0.0762,0.0763,0.07625,10,5.606617647,0.076,0.0734,0.0747,200,109.8529412
BPS,BPS-28-C-11,28-C-11,28-C,28,control,18,0.43,1.658033581,0.05,0.0506,0.0503,10,3.698529412,0.0623,0.0728,0.06755,100,49.66911765
BPS,BPS-28-BPS-11,28-BPS-11,28-expose,28,expose,18,0.43,1.592592593,0.0401,0.0349,0.0375,10,2.757352941,0.0769,0.0789,0.0779,100,57.27941176
BPS,BPS-28-C-6,28-C-6,28-C,28,control,28,0.39,1.702588074,0.0802,0.0807,0.08045,10,5.915441176,0.0619,0.0592,0.06055,200,89.04411765
BPS,BPS-28-BPS-6,28-BPS-6,28-expose,28,expose,28,0.42,1.704395282,,,,,,,,,,
BPS,BPS-28-BPS-12,28-BPS-12,28-expose,28,expose,18,0.36,1.37414687,0.0268,0.028,0.0274,10,2.014705882,0.0675,0.0698,0.06865,100,50.47794118
BPS,BPS-28-C-12,28-C-12,28-C,28,control,18,0.42,1.669730689,,,,,,,,,,
BPS,BPS-28-BPS-7,28-BPS-7,28-expose,28,expose,28,0.43,1.89718267,0.0535,0.0549,0.0542,10,3.985294118,0.0796,0.0827,0.08115,200,119.3382353
BPS,BPS-28-C-7,28-C-7,28-C,28,control,28,0.53,2.002751554,,,,,,,,,,
BPS,BPS-28-C-13,28-C-13,28-C,28,control,18,0.45,1.923598432,0.0377,0.0382,0.03795,10,2.790441176,0.093,0.0927,0.09285,100,68.27205882
BPS,BPS-28-BPS-13,28-BPS-13,28-expose,28,expose,18,0.4,1.674489883,,,,,,,,,,
BPS,BPS-28-C-8,28-C-8,28-C,28,control,28,0.48,1.795674736,0.0746,0.0733,0.07395,10,5.4375,0.1048,0.1072,0.106,200,155.8823529
BPS,BPS-28-BPS-8,28-BPS-8,28-expose,28,expose,28,0.19,0.847239658,0.0341,0.0384,0.03625,10,2.665441176,0.0207,0.0235,0.0221,200,32.5
BPS,BPS-28-BPS-14,28-BPS-14,28-expose,28,expose,18,0.41,1.251220703,0.0454,0.0445,0.04495,10,3.305147059,0.0969,0.0964,0.09665,100,71.06617647
BPS,BPS-28-C-14,28-C-14,28-C,28,control,18,0.43,1.287955448,0.054,0.0583,0.05615,10,4.128676471,0.0904,0.0892,0.0898,100,66.02941176
BPS,BPS-28-BPS-9,28-BPS-9,28-expose,28,expose,28,0.5,1.511662735,,,,,,,,,,
BPS,BPS-28-C-9,28-C-9,28-C,28,control,28,0.49,1.552869043,,,,,,,,,,
BPS,BPS-28-C-15,28-C-15,28-C,28,control,18,0.44,2.047944999,0.044,,0.044,10,3.235294118,0.127,0.0942,0.1106,100,81.32352941
BPS,BPS-28-BPS-15,28-BPS-15,28-expose,28,expose,18,0.35,1.152402687,0.066,0.069,0.0675,10,4.963235294,0.0889,0.0872,0.08805,100,64.74264706
BPS,BPS-28-C-10,28-C-10,28-C,28,control,28,0.53,1.63269033,0.0547,0.0546,0.05465,10,4.018382353,0.0581,0.0585,0.0583,200,85.73529412
BPS,BPS-28-BPS-10,28-BPS-10,28-expose,28,expose,28,0.38,1.534150335,0.07,0.0695,0.06975,10,5.128676471,0.0636,0.0524,0.058,200,85.29411765
