bisphenol,flume ID,ID,ID_2,treatment,temp,exposure,temp.acute,body.mass,length,length.2,condition,ucrit_pre,ucrit2_pre,body.mass_post,length_post,length2_post,condition_post,ucrit_post,ucrit2_post,ucrit_diff,ucrit_change
BPA,1,BPA-18-C-1,18-C-1,18-C,18,control,18,0.43,2.79,0.0279,1.979957398,0.2969,10.64157706,,,,,,,,
BPA,2,BPA-18-BPA-1,18-BPA-1,18-expose,18,expose,18,0.52,3.05,0.0305,1.832752521,0.26,8.524590164,0.5,3.05,0.0305,1.76226204,0.2604,8.537704918,0.013114754,0.153846153
BPA,3,BPA-18-C-6,18-C-6,18-C,18,control,28,0.53,2.86,0.0286,2.265571487,0.392,13.70629371,0.54,3.01,0.0301,1.980132596,0.275,9.136212625,-4.570081085,-33.34293852
BPA,4,BPA-18-BPA-6,18-BPA-6,18-expose,18,expose,28,0.38,2.83,0.0283,1.676580034,0.3841,13.57243816,0.34,2.83,0.0283,1.500097926,,,,
BPA,1,BPA-18-BPA-2,18-BPA-2,18-expose,18,expose,18,0.53,2.86,0.0286,2.265571487,0.2505,8.758741259,0.52,2.86,0.0286,2.222824855,0.2552,8.923076923,0.164335664,1.876247501
BPA,2,BPA-18-C-2,18-C-2,18-C,18,control,18,0.5,2.92,0.0292,2.008266991,0.2997,10.26369863,,,,,,,,
BPA,3,BPA-18-BPA-7,18-BPA-7,18-expose,18,expose,28,0.46,2.73,0.0273,2.260840324,0.3465,12.69230769,0.42,2.96,0.0296,1.619474661,0.2459,8.307432432,-4.384875258,-34.54750204
BPA,4,BPA-18-C-7,18-C-7,18-C,18,control,28,0.36,2.8,0.028,1.639941691,0.4182,14.93571429,0.32,2.88,0.0288,1.339591907,0.319,11.07638889,-3.859325401,-25.83957704
BPA,1,BPA-18-C-3,18-C-3,18-C,18,control,18,0.47,2.95,0.0295,1.830761665,0.2716,9.206779661,,,,,,,,
BPA,2,BPA-18-BPA-3,18-BPA-3,18-expose,18,expose,18,0.4,2.74,0.0274,1.944501591,0.261,9.525547445,0.39,2.75,0.0275,1.875281743,0.153,5.563636364,-3.961911081,-41.59247648
BPA,3,BPA-18-C-8,18-C-8,18-C,18,control,28,0.43,2.99,0.0299,1.608625284,0.3952,13.2173913,0.46,3.06,0.0306,1.605438051,0.3592,11.73856209,-1.478829208,-11.18851047
BPA,4,BPA-18-BPA-8,18-BPA-8,18-expose,18,expose,28,0.41,2.73,0.0273,2.01509681,0.3586,13.13553114,0.45,2.75,0.0275,2.163786627,0.3225,11.72727273,-1.408258413,-10.72098566
BPA,1,BPA-18-BPA-4,18-BPA-4,18-expose,18,expose,18,0.47,2.86,0.0286,2.009091696,0.2552,8.923076923,0.42,2.77,0.0277,1.976104846,0.2421,8.740072202,-0.183004721,-2.050914977
BPA,2,BPA-18-C-4,18-C-4,18-C,18,control,18,0.38,2.73,0.0273,1.867650702,0.2572,9.421245421,,,,,,,,
BPA,3,BPA-18-BPA-9,18-BPA-9,18-expose,18,expose,28,0.39,2.64,0.0264,2.119594707,0.3417,12.94318182,0.34,2.74,0.0274,1.652826353,0.249,9.087591241,-3.855590579,-29.78858392
BPA,4,BPA-18-C-9,18-C-9,18-C,18,control,28,0.38,2.55,0.0255,2.291727918,0.355,13.92156863,0.35,2.55,0.0255,2.110802029,0.3012,11.81176471,-2.109803924,-15.15492956
BPA,1,BPA-18-C-5,18-C-5,18-C,18,control,18,0.39,2.8,0.028,1.776603499,0.2412,8.614285714,,,,,,,,
BPA,2,BPA-18-BPA-5,18-BPA-5,18-expose,18,expose,18,0.42,2.75,0.0275,2.019534185,0.299,10.87272727,0.5,2.75,0.0275,2.404207363,0.2804,10.19636364,-0.676363634,-6.220735729
BPA,3,BPA-18-C-10,18-C-10,18-C,18,control,28,0.34,2.53,0.0253,2.099507128,0.3378,13.35177866,0.41,2.53,0.0253,2.531758596,,,,
BPA,4,BPA-18-BPA-10,18-BPA-10,18-expose,18,expose,28,0.52,2.96,0.0296,2.005063866,0.3541,11.96283784,0.4,2.95,0.0295,1.558095034,0.247,8.372881356,-3.589956484,-30.00923804
BPA,1,BPA-18-C-6,18-C-6,18-C,18,control,18,0.53,2.88,0.0288,2.218699096,0.2528,8.777777778,0.52,2.91,0.0291,2.110203683,0.261,8.969072165,0.191294387,2.179303143
BPA,2,BPA-18-BPA-6,18-BPA-6,18-expose,18,expose,18,0.39,2.95,0.0295,1.519142658,0.263,8.915254237,0.37,2.83,0.0283,1.632459507,,,,
BPA,3,BPA-18-C-1,18-C-1,18-C,18,control,28,0.43,2.8,0.028,1.958819242,0.4115,14.69642857,,,,,,,,
BPA,4,BPA-18-BPA-1,18-BPA-1,18-expose,18,expose,28,0.55,3.05,0.0305,1.938488244,0.3773,12.3704918,0.55,3.05,0.0305,1.938488244,0.3414,11.19344262,-1.177049177,-9.514974821
BPA,1,BPA-18-BPA-7,18-BPA-7,18-expose,18,expose,18,0.43,2.85,0.0285,1.857521613,0.289,10.14035088,0.42,2.96,0.0296,1.619474661,0.1766,5.966216216,-4.174134664,-41.16361173
BPA,2,BPA-18-C-7,18-C-7,18-C,18,control,18,0.34,2.79,0.0279,1.56554771,0.3445,12.34767025,0.38,2.88,0.0288,1.590765389,0.1887,6.552083333,-5.795586917,-46.9366836
BPA,3,BPA-18-BPA-2,18-BPA-2,18-expose,18,expose,28,0.52,2.97,0.0297,1.984878812,0.3728,12.55218855,0.5,2.86,0.0286,2.137331591,0.3534,12.35664336,-0.195545193,-1.557857335
BPA,4,BPA-18-C-2,18-C-2,18-C,18,control,28,0.53,2.96,0.0296,2.043622786,0.4253,14.36824324,,,,,,,,
BPA,1,BPA-18-C-8,18-C-8,18-C,18,control,18,0.43,3.05,0.0305,1.515545354,0.2831,9.281967213,0.51,3.06,0.0306,1.779942187,0.2817,9.205882353,-0.07608486,-0.819706192
BPA,2,BPA-18-BPA-8,18-BPA-8,18-expose,18,expose,18,0.38,2.71,0.0271,1.909306821,0.2823,10.41697417,0.48,2.75,0.0275,2.308039068,0.2428,8.829090909,-1.587883261,-15.24322932
BPA,3,BPA-18-C-3,18-C-3,18-C,18,control,28,0.46,2.95,0.0295,1.791809289,0.432,14.6440678,,,,,,,,
BPA,4,BPA-18-BPA-3,18-BPA-3,18-expose,18,expose,28,0.41,2.63,0.0263,2.253806418,0.4083,15.52471483,0.39,2.75,0.0275,1.875281743,,,,
BPA,1,BPA-18-BPA-9,18-BPA-9,18-expose,18,expose,18,0.38,2.73,0.0273,1.867650702,0.2632,9.641025641,0.34,2.74,0.0274,1.652826353,0.158,5.766423358,-3.874602283,-40.18869389
BPA,2,BPA-18-C-9,18-C-9,18-C,18,control,18,0.35,2.55,0.0255,2.110802029,0.2258,8.854901961,0.35,2.55,0.0255,2.110802029,0.2316,9.082352941,0.22745098,2.568644814
BPA,3,BPA-18-BPA-4,18-BPA-4,18-expose,18,expose,28,0.4,2.65,0.0265,2.149425365,0.3648,13.76603774,0.38,2.77,0.0277,1.787904385,0.2668,9.631768953,-4.134268787,-30.03238016
BPA,4,BPA-18-C-4,18-C-4,18-C,18,control,28,0.43,2.83,0.0283,1.89718267,0.369,13.03886926,,,,,,,,
BPA,1,BPA-18-C-10,18-C-10,18-C,18,control,18,0.44,2.55,0.0255,2.653579694,0.2305,9.039215686,0.43,2.53,0.0253,2.655259015,,,,
BPA,2,BPA-18-BPA-10,18-BPA-10,18-expose,18,expose,18,0.5,3.01,0.0301,1.833456108,0.2707,8.993355482,0.39,2.95,0.0295,1.519142658,0.178,6.033898305,-2.959457177,-32.90715221
BPA,3,BPA-18-C-5,18-C-5,18-C,18,control,28,0.38,2.8,0.028,1.731049563,0.3655,13.05357143,,,,,,,,
BPA,4,BPA-18-BPA-5,18-BPA-5,18-expose,18,expose,28,0.43,2.71,0.0271,2.160531402,0.4218,15.56457565,0.49,2.75,0.0275,2.356123216,0.3552,12.91636364,-2.64821201,-17.01435407
BPA,1,BPA-18-C-11,18-C-11,18-C,18,control,18,0.46,2.91,0.0291,1.866718643,0.2659,9.137457045,0.46,2.79,0.0279,2.11809396,0.2479,8.885304659,-0.252152386,-2.759546609
BPA,2,BPA-18-BPA-11,18-BPA-11,18-expose,18,expose,18,0.53,2.84,0.0284,2.313773536,0.2432,8.563380282,0.6,2.99,0.0299,2.24459342,0.2482,8.301003344,-0.262376938,-3.063941217
BPA,3,BPA-28-C-1,28-C-1,28-C,28,control,28,0.46,2.91,0.0291,1.866718643,0.338,11.61512027,0.42,2.9,0.029,1.722087826,0.291,10.03448276,-1.580637511,-13.60844721
BPA,4,BPA-28-BPA-1,28-BPA-1,28-expose,28,expose,28,0.49,2.83,0.0283,2.161905834,0.393,13.8869258,0.48,3.05,0.0305,1.691771558,0.3612,11.84262295,-2.044302849,-14.72106123
BPA,1,BPA-18-BPA-12,18-BPA-12,18-expose,18,expose,18,0.43,3,0.03,1.592592593,0.242,8.066666667,0.44,3.09,0.0309,1.491341963,0.2882,9.326860841,1.260194174,15.62224183
BPA,2,BPA-18-C-12,18-C-12,18-C,18,control,18,0.39,2.78,0.0278,1.815223976,0.2877,10.34892086,0.34,2.98,0.0298,1.284784016,0.22,7.382550336,-2.966370524,-28.66357337
BPA,3,BPA-28-BPA-2,28-BPA-2,28-expose,28,expose,28,0.48,2.98,0.0298,1.813812728,0.341,11.44295302,0.48,2.96,0.0296,1.850828184,0.3265,11.03040541,-0.412547615,-3.605254774
BPA,4,BPA-28-C-2,28-C-2,28-C,28,control,28,0.53,2.93,0.0293,2.107041107,0.384,13.10580205,0.38,3.06,0.0306,1.326231434,0.3611,11.80065359,-1.305148455,-9.958554654
BPA,1,BPA-18-C-13,18-C-13,18-C,18,control,18,0.54,3.05,0.0305,1.903243003,0.2435,7.983606557,0.47,2.84,0.0284,2.051836909,0.223,7.852112676,-0.131493881,-1.647048612
BPA,2,BPA-18-BPA-13,18-BPA-13,18-expose,18,expose,18,0.62,3.1,0.031,2.081165453,0.325,10.48387097,0.51,3.24,0.0324,1.4994609,0.225,6.944444444,-3.539426526,-33.76068378
BPA,3,BPA-28-C-3,28-C-3,28-C,28,control,28,0.44,2.7,0.027,2.235431591,0.3153,11.67777778,0.42,2.71,0.0271,2.110286486,0.3054,11.26937269,-0.408405086,-3.49728431
BPA,4,BPA-28-BPA-3,28-BPA-3,28-expose,28,expose,28,0.5,2.94,0.0294,1.967560128,0.3547,12.06462585,0.5,3.07,0.0307,1.728044324,0.3417,11.13029316,-0.93433269,-7.744398389
BPA,1,BPA-18-BPA-14,18-BPA-14,18-expose,18,expose,18,0.5,2.83,0.0283,2.206026361,0.1912,6.756183746,0.38,2.95,0.0295,1.480190282,0.2107,7.142372881,0.386189135,5.716083954
BPA,2,BPA-18-C-14,18-C-14,18-C,18,control,18,0.38,2.59,0.0259,2.187178884,0.2873,11.09266409,0.36,2.59,0.0259,2.072064206,0.274,10.57915058,-0.513513511,-4.629307314
BPA,3,BPA-28-BPA-4,28-BPA-4,28-expose,28,expose,28,0.36,2.74,0.0274,1.750051432,0.3562,13,0.36,2.83,0.0283,1.58833898,0.3078,10.87632509,-2.123674912,-16.33596085
BPA,4,BPA-28-C-4,28-C-4,28-C,28,control,28,0.4,2.66,0.0266,2.125274745,0.2895,10.88345865,0.39,2.61,0.0261,2.193527508,0.3477,13.32183908,2.43838043,22.40446267
BPA,1,BPA-18-C-15,18-C-15,18-C,18,control,18,0.47,2.94,0.0294,1.84950652,0.2813,9.568027211,0.38,2.95,0.0295,1.480190282,0.1942,6.583050847,-2.984976364,-31.19740672
BPA,2,BPA-18-BPA-15,18-BPA-15,18-expose,18,expose,18,0.29,2.6,0.026,1.649977242,0.224,8.615384615,0.3,2.86,0.0286,1.282398955,0.2022,7.06993007,-1.545454545,-17.93831168
BPA,3,BPA-28-C-5,28-C-5,28-C,28,control,28,0.48,2.91,0.0291,1.947880323,0.359,12.33676976,0.5,3.09,0.0309,1.694706777,0.36,11.65048544,-0.686284323,-5.562917468
BPA,4,BPA-28-BPA-5,28-BPA-5,28-expose,28,expose,28,0.48,2.9,0.029,1.968100373,0.289,9.965517241,0.51,2.95,0.0295,1.986571168,0.4009,11.5559322,1.590414962,15.95918125
BPA,1,BPA-28-C-1,28-C-1,28-C,28,control,18,0.43,2.81,0.0281,1.937980915,0.2492,8.868327402,0.31,2.9,0.029,1.271064824,0.225,7.75862069,-1.109706712,-12.51314551
BPA,2,BPA-28-BPA-1,28-BPA-1,28-expose,28,expose,18,0.46,2.96,0.0296,1.773710343,0.231,7.804054054,0.56,3.05,0.0305,1.973733484,0.2597,8.514754098,0.710700044,9.106805759
BPA,3,BPA-18-C-11,18-C-11,18-C,18,control,28,0.43,2.84,0.0284,1.877212491,0.4002,14.0915493,0.43,2.79,0.0279,1.979957398,0.3057,10.95698925,-3.134560053,-22.24425422
BPA,4,BPA-18-BPA-11,18-BPA-11,18-expose,18,expose,28,0.61,3.01,0.0301,2.236816451,0.3753,12.46843854,0.6,2.99,0.0299,2.24459342,0.3231,10.80602007,-1.662418473,-13.33301251
BPA,1,BPA-28-BPA-2,28-BPA-2,28-expose,28,expose,18,0.46,3.1,0.031,1.544090497,0.2585,8.338709677,0.44,2.96,0.0296,1.696592502,0.2321,7.841216216,-0.497493461,-5.966072453
BPA,2,BPA-28-C-2,28-C-2,28-C,28,control,18,0.52,2.94,0.0294,2.046262533,0.2815,9.574829932,0.42,3.06,0.0306,1.465834743,0.247,8.071895425,-1.502934507,-15.69672274
BPA,3,BPA-18-BPA-12,18-BPA-12,18-expose,18,expose,28,0.4,3.05,0.0305,1.409809632,0.352,11.54098361,0.39,3.09,0.0309,1.321871286,0.3481,11.26537217,-0.275611442,-2.388110488
BPA,4,BPA-18-C-12,18-C-12,18-C,18,control,28,0.38,2.94,0.0294,1.495345697,0.4056,13.79591837,0.34,2.98,0.0298,1.284784016,0.3073,10.31208054,-3.483837833,-25.25267066
BPA,1,BPA-28-C-3,28-C-3,28-C,28,control,18,0.42,2.7,0.027,2.133821064,0.2305,8.537037037,0.43,2.71,0.0271,2.160531402,0.2319,8.557195572,0.020158535,0.236130345
BPA,2,BPA-28-BPA-3,28-BPA-3,28-expose,28,expose,18,0.53,3.07,0.0307,1.831726984,0.289,9.413680782,0.51,3.07,0.0307,1.762605211,0.189,6.156351792,-3.25732899,-34.60207612
BPA,3,BPA-18-C-13,18-C-13,18-C,18,control,28,0.46,3.02,0.0302,1.670078953,0.3004,9.947019868,0.46,2.84,0.0284,2.008180805,0.2686,9.457746479,-0.489273389,-4.918793724
BPA,4,BPA-18-BPA-13,18-BPA-13,18-expose,18,expose,28,0.58,3.19,0.0319,1.786717719,0.3715,11.64576803,0.49,3.24,0.0324,1.440658511,0.2562,7.907407407,-3.738360623,-32.10059322
BPA,1,BPA-28-BPA-4,28-BPA-4,28-expose,28,expose,18,0.34,2.71,0.0271,1.708327155,0.227,8.376383764,0.36,2.83,0.0283,1.58833898,0.217,7.667844523,-0.708539241,-8.458772436
BPA,2,BPA-28-C-4,28-C-4,28-C,28,control,18,0.35,2.73,0.0273,1.720204594,0.219,8.021978022,0.39,2.61,0.0261,2.193527508,0.2529,9.689655172,1.66767715,20.78885214
BPA,3,BPA-18-BPA-14,18-BPA-14,18-expose,18,expose,28,0.49,2.94,0.0294,1.928208925,0.329,11.19047619,0.39,2.95,0.0295,1.519142658,0.2702,9.159322034,-2.031154156,-18.15073927
BPA,4,BPA-18-C-14,18-C-14,18-C,18,control,28,0.35,2.68,0.0268,1.818292144,0.3701,13.80970149,0.35,2.59,0.0259,2.014506867,0.3219,12.42857143,-1.381130061,-10.00115796
BPA,1,BPA-28-C-5,28-C-5,28-C,28,control,18,0.5,2.96,0.0296,1.927946025,0.2823,9.537162162,0.5,3.09,0.0309,1.694706777,0.281,9.093851133,-0.443311029,-4.648248834
BPA,2,BPA-28-BPA-5,28-BPA-5,28-expose,28,expose,18,0.41,2.85,0.0285,1.771125259,0.2569,9.014035088,0.51,2.95,0.0295,1.986571168,0.2735,9.271186441,0.257151353,2.852788463
BPA,3,BPA-18-C-15,18-C-15,18-C,18,control,28,0.48,2.98,0.0298,1.813812728,0.3802,12.75838926,0.4,2.95,0.0295,1.558095034,0.2321,7.86779661,-4.89059265,-38.33236744
BPA,4,BPA-18-BPA-15,18-BPA-15,18-expose,18,expose,28,0.27,2.64,0.0264,1.467411721,0.348,13.18181818,0.29,2.86,0.0286,1.239652323,0.289,10.1048951,-3.076923075,-23.34217509
BPA,1,BPA-28-C-6,28-C-6,28-C,28,control,18,0.44,2.75,0.0275,2.115702479,0.2117,7.698181818,0.38,2.75,0.0275,1.827197596,0.1886,6.858181818,-0.84,-10.91166745
BPA,2,BPA-28-BPA-6,28-BPA-6,28-expose,28,expose,18,0.53,2.98,0.0298,2.002751554,0.2275,7.634228188,0.52,3.1,0.031,1.745493605,0.237,7.64516129,0.010933102,0.143211622
BPA,3,BPA-28-C-11,28-C-11,28-C,28,control,28,0.47,2.65,0.0265,2.525574803,0.3221,12.15471698,0.46,2.87,0.0287,1.945862468,0.3731,13,0.84528302,6.954362009
BPA,4,BPA-28-BPA-11,28-BPA-11,28-expose,28,expose,28,0.58,2.9,0.029,2.378121284,0.3295,11.36206897,0.51,2.98,0.0298,1.927176024,0.336,11.27516779,-0.086901185,-0.764835878
BPA,1,BPA-28-BPA-7,28-BPA-7,28-expose,28,expose,18,0.39,2.64,0.0264,2.119594707,0.2486,9.416666667,0.4,2.83,0.0283,1.764821089,0.2425,8.568904594,-0.847762073,-9.002783076
BPA,2,BPA-28-C-7,28-C-7,28-C,28,control,18,0.46,2.73,0.0273,2.260840324,0.2016,7.384615385,0.52,2.85,0.0285,2.246305206,0.225,7.894736842,0.510121457,6.90789473
BPA,3,BPA-28-BPA-12,28-BPA-12,28-expose,28,expose,28,0.59,2.9,0.029,2.419123375,0.4027,13.8862069,0.52,3.01,0.0301,1.906794352,0.3249,10.79401993,-3.092186966,-22.26804621
BPA,4,BPA-28-C-12,28-C-12,28-C,28,control,28,0.18,2.7,0.027,0.914494742,0.282,10.44444444,0.19,2.63,0.0263,1.044446877,0.2612,9.931558935,-0.512885505,-4.910605901
BPA,1,BPA-28-C-8,28-C-8,28-C,28,control,18,0.46,2.94,0.0294,1.810155318,0.215,7.31292517,0.43,2.98,0.0298,1.624873902,0.2414,8.100671141,0.787745971,10.77196816
BPA,2,BPA-28-BPA-8,28-BPA-8,28-expose,28,expose,18,0.58,3.16,0.0316,1.838089887,0.2672,8.455696203,0.59,3.14,0.0314,1.905737445,0.2575,8.200636943,-0.25505926,-3.016419392
BPA,3,BPA-28-C-13,28-C-13,28-C,28,control,28,0.52,3.05,0.0305,1.832752521,0.3302,10.82622951,0.46,3.08,0.0308,1.574365928,0.3287,10.67207792,-0.154151588,-1.42387144
BPA,4,BPA-28-BPA-13,28-BPA-13,28-expose,28,expose,28,0.42,2.8,0.028,1.913265306,0.3578,12.77857143,0.21,2.67,0.0267,1.103279403,0.3135,11.74157303,-1.036998396,-8.115135606
BPA,1,BPA-28-BPA-9,28-BPA-9,28-expose,28,expose,18,0.53,2.89,0.0289,2.195747219,0.205,7.093425606,0.48,2.95,0.0295,1.869714041,0.2309,7.827118644,0.733693038,10.34328234
BPA,2,BPA-28-C-9,28-C-9,28-C,28,control,18,0.49,2.79,0.0279,2.256230523,0.2689,9.637992832,0.52,3.07,0.0307,1.797166097,0.2371,7.723127036,-1.914865796,-19.86788981
BPA,3,BPA-28-BPA-14,28-BPA-14,28-expose,28,expose,28,0.6,2.9,0.029,2.460125466,0.3119,10.75517241,0.36,2.94,0.0294,1.416643292,0.2419,8.227891156,-2.527281254,-23.49828676
BPA,4,BPA-28-C-14,28-C-14,28-C,28,control,28,0.53,2.88,0.0288,2.218699096,0.4068,14.125,0.54,3.04,0.0304,1.922086857,0.4135,13.60197368,-0.523026316,-3.702841204
BPA,1,BPA-28-C-10,28-C-10,28-C,28,control,18,0.41,2.8,0.028,1.86771137,0.2301,8.217857143,0.4,3,0.03,1.481481481,0.231,7.7,-0.517857143,-6.301607998
BPA,2,BPA-28-BPA-10,28-BPA-10,28-expose,28,expose,18,0.44,2.68,0.0268,2.285852981,0.213,7.947761194,0.38,2.92,0.0292,1.526282913,0.209,7.157534247,-0.790226947,-9.942761587
BPA,3,BPA-28-C-15,28-C-15,28-C,28,control,28,0.46,3,0.03,1.703703704,0.366,12.2,0.38,2.93,0.0293,1.510708718,0.3027,10.33105802,-1.86894198,-15.31919656
BPA,4,BPA-28-BPA-15,28-BPA-15,28-expose,28,expose,28,0.4,2.74,0.0274,1.944501591,0.367,13.39416058,0.5,2.87,0.0287,2.1150679,0.35,12.19512195,-1.199038629,-8.951950537
BPA,1,BPA-28-C-11,28-C-11,28-C,28,control,18,0.48,2.85,0.0285,2.073512498,0.2079,7.294736842,0.46,2.87,0.0287,1.945862468,0.2256,7.860627178,0.565890336,7.757515429
BPA,2,BPA-28-BPA-11,28-BPA-11,28-expose,28,expose,18,0.52,2.69,0.0269,2.671446638,0.255,9.479553903,0.48,2.98,0.0298,1.813812728,0.2038,6.838926174,-2.640627729,-27.85603369
BPA,3,BPA-28-C-6,28-C-6,28-C,28,control,28,0.48,2.86,0.0286,2.051838327,0.2934,10.25874126,0.46,2.75,0.0275,2.211870774,0.2486,9.04,-1.21874126,-11.88002728
BPA,4,BPA-28-BPA-6,28-BPA-6,28-expose,28,expose,28,0.46,2.99,0.0299,1.720854955,0.3061,10.23745819,0.47,3.1,0.031,1.577657682,0.379,12.22580645,1.988348262,19.42228455
BPA,1,BPA-28-BPA-12,28-BPA-12,28-expose,28,expose,18,0.52,2.86,0.0286,2.222824855,0.2428,8.48951049,0.54,3.01,0.0301,1.980132596,0.236,7.840531561,-0.648978929,-7.64447997
BPA,2,BPA-28-C-12,28-C-12,28-C,28,control,18,0.24,2.83,0.0283,1.058892653,0.1723,6.088339223,0.23,2.63,0.0263,1.26433043,0.1631,6.201520913,0.11318169,1.858991194
BPA,3,BPA-28-BPA-7,28-BPA-7,28-expose,28,expose,28,0.33,2.69,0.0269,1.695341136,0.3515,13.0669145,0.35,2.83,0.0283,1.544218453,0.2984,10.54416961,-2.522744889,-19.30635492
BPA,4,BPA-28-C-7,28-C-7,28-C,28,control,28,0.45,2.79,0.0279,2.07204844,0.359,12.86738351,0.46,2.85,0.0285,1.987116144,0.3446,12.09122807,-0.77615544,-6.031960106
BPA,1,BPA-28-C-13,28-C-13,28-C,28,control,18,0.56,2.89,0.0289,2.320034797,0.2479,8.577854671,0.42,3.08,0.0308,1.437464543,0.2443,7.931818182,-0.646036489,-7.531445959
BPA,2,BPA-28-BPA-13,28-BPA-13,28-expose,28,expose,18,0.4,2.84,0.0284,1.746244178,0.3066,10.79577465,0.33,2.67,0.0267,1.733724777,0.1676,6.277153558,-4.518621092,-41.85545955
BPA,3,BPA-28-C-8,28-C-8,28-C,28,control,28,0.48,2.85,0.0285,2.073512498,0.279,9.789473684,0.38,2.98,0.0298,1.435935076,0.3134,10.51677852,0.727304839,7.429458002
BPA,4,BPA-28-BPA-8,28-BPA-8,28-expose,28,expose,28,0.59,2.97,0.0297,2.252074036,0.387,13.03030303,0.46,3.14,0.0314,1.485829195,0.3605,11.48089172,-1.54941131,-11.89083098
BPA,1,BPA-28-BPA-14,28-BPA-14,28-expose,28,expose,18,0.59,2.82,0.0282,2.630902094,0.2328,8.255319149,0.34,2.94,0.0294,1.337940887,0.1974,6.714285714,-1.541033435,-18.66715759
BPA,2,BPA-28-C-14,28-C-14,28-C,28,control,18,0.51,2.84,0.0284,2.226461327,0.2947,10.37676056,0.38,3.04,0.0304,1.35257964,0.2489,8.1875,-2.18926056,-21.09772648
BPA,3,BPA-28-BPA-9,28-BPA-9,28-expose,28,expose,28,0.4,2.81,0.0281,1.802772944,0.3499,12.4519573,0.36,2.95,0.0295,1.402285531,0.2935,9.949152542,-2.502804758,-20.09968953
BPA,4,BPA-28-C-9,28-C-9,28-C,28,control,28,0.54,2.98,0.0298,2.040539319,0.3083,10.34563758,0.53,3.07,0.0307,1.831726984,0.3649,11.88599349,1.540355905,14.88894133
BPA,1,BPA-28-C-15,28-C-15,28-C,28,control,18,0.44,3.02,0.0302,1.597466824,0.2271,7.51986755,0.31,2.93,0.0293,1.23242027,0.23,7.849829352,0.329961802,4.387867204
BPA,2,BPA-28-BPA-15,28-BPA-15,28-expose,28,expose,18,0.43,2.81,0.0281,1.937980915,0.3257,11.59074733,0.47,2.87,0.0287,1.988163826,0.2381,8.296167247,-3.294580083,-28.42422485
BPA,3,BPA-28-C-10,28-C-10,28-C,28,control,28,0.4,2.84,0.0284,1.746244178,0.4624,16.28169014,0.41,3,0.03,1.518518519,0.3098,10.32666667,-5.955023473,-36.57497114
BPA,4,BPA-28-BPA-10,28-BPA-10,28-expose,28,expose,28,0.39,2.85,0.0285,1.684728904,0.413,14.49122807,0.27,2.92,0.0292,1.084464175,0.3105,10.63356164,-3.857666426,-26.62070055
BPF,1,BPF-18-C-1,18-C-1,18-C,18,control,18,0.46,2.96,0.0296,1.773710343,0.2613,8.827702703,0.39,2.95,0.0295,1.519142658,0.2542,8.616949153,,-2.717183314
BPF,2,BPF-18-BPF-1,18-BPF-1,18-expose,18,expose,18,0.41,2.92,0.0292,1.646778933,0.2565,8.784246575,0.4,2.92,0.0292,1.606613593,0.2048,7.01369863,,-20.15594542
BPF,3,BPF-18-C-6,18-C-6,18-C,18,control,28,0.73,3.58,0.0358,1.59101319,0.2658,7.424581006,0.64,3.6,0.036,1.371742112,0.2424,6.733333333,,-8.803611738
BPF,4,BPF-18-BPF-6,18-BPF-6,18-expose,18,expose,28,0.43,2.97,0.0297,1.641342094,0.3321,11.18181818,0.42,2.98,0.0298,1.587086137,0.2378,7.979865772,,-28.39506173
BPF,1,BPF-18-BPF-2,18-BPF-2,18-expose,18,expose,18,0.79,3.41,0.0341,1.992342294,0.241,7.06744868,0.63,3.41,0.0341,1.58882993,,,,
BPF,2,BPF-18-C-2,18-C-2,18-C,18,control,18,0.57,2.96,0.0296,2.197858468,0.2396,8.094594595,0.46,2.94,0.0294,1.810155318,0.2261,7.69047619,,-5.634390651
BPF,3,BPF-18-BPF-7,18-BPF-7,18-expose,18,expose,28,0.53,2,0.0311,1.761954554,0.2875,9.24437299,0.52,3.11,0.0311,1.728710129,0.2517,8.093247588,,-12.45217391
BPF,4,BPF-18-C-7,18-C-7,18-C,18,control,28,0.72,3.44,0.0344,1.768712189,0.3549,10.31686047,0.72,3.45,0.0345,1.75337662,0.35,10.14492754,,-1.380670611
BPF,1,BPF-18-C-3,18-C-3,18-C,18,control,18,0.55,3.01,0.0301,2.016801718,0.2293,7.617940199,0.45,2.98,0.0298,1.700449433,,,,
BPF,2,BPF-18-BPF-3,18-BPF-3,18-expose,18,expose,18,0.59,2.95,0.0295,2.298190175,0.2065,7,0.54,2.95,0.0295,2.103428296,0.1666,5.647457627,,-19.3220339
BPF,3,BPF-18-C-8,18-C-8,18-C,18,control,28,0.53,3.24,0.0324,1.558263288,0.298,9.197530864,0.49,3.24,0.0324,1.440658511,0.2564,7.913580247,,-13.95973154
BPF,4,BPF-18-BPF-8,18-BPF-8,18-expose,18,expose,28,0.49,2.74,0.0274,2.382014449,0.3129,11.41970803,0.41,2.73,0.0273,2.01509681,0.2899,10.61904762,,-7.350591243
BPF,1,BPF-18-BPF-4,18-BPF-4,18-expose,18,expose,18,0.46,2.89,0.0289,1.905742869,0.253,8.75432526,0.44,2.89,0.0289,1.822884484,0.2461,8.515570934,,-2.727272727
BPF,2,BPF-18-C-4,18-C-4,18-C,18,control,18,0.67,3.17,0.0317,2.103279631,0.2527,7.971608833,0.61,3.17,0.0317,1.914926232,0.2547,8.034700315,,0.791452315
BPF,3,BPF-18-BPF-9,18-BPF-9,18-expose,18,expose,28,0.51,2.9,0.029,2.091106646,0.3421,11.79655172,0.46,2.91,0.0291,1.866718643,0.2738,9.408934708,,-19.96492254
BPF,4,BPF-18-C-9,18-C-9,18-C,18,control,28,0.62,3.2,0.032,1.892089844,0.3536,11.05,0.6,3.19,0.0319,1.848328675,0.3115,9.764890282,,-11.9061086
BPF,1,BPF-18-C-5,18-C-5,18-C,18,control,18,0.53,3.11,0.0311,1.761954554,0.2465,7.926045016,0.44,3.12,0.0312,1.448734807,0.1758,5.634615385,,-28.68154158
BPF,2,BPF-18-BPF-5,18-BPF-5,18-expose,18,expose,18,0.43,3.12,0.0312,1.415809016,0.2293,7.349358974,0.43,3.12,0.0312,1.415809016,0.2084,6.679487179,,-9.114696904
BPF,3,BPF-18-C-10,18-C-10,18-C,18,control,28,0.42,3.33,0.0333,1.137408815,0.2538,7.621621622,0.43,3.33,0.0333,1.164489978,0.2441,7.33033033,,-3.821907013
BPF,4,BPF-18-BPF-10,18-BPF-10,18-expose,18,expose,28,0.41,2.89,0.0289,1.698596905,0.38,13.14878893,0.39,2.89,0.0289,1.615738519,0.3116,10.78200692,,-18
BPF,1,BPF-18-C-6,18-C-6,18-C,18,control,18,0.74,3.58,0.0358,1.612807892,0.1854,5.17877095,0.64,3.6,0.036,1.371742112,0.19,5.277777778,,2.481121899
BPF,2,BPF-18-BPF-6,18-BPF-6,18-expose,18,expose,18,0.42,2.97,0.0297,1.603171348,0.1853,6.239057239,0.41,2.98,0.0298,1.549298372,0.1939,6.506711409,,4.641122504
BPF,3,BPF-18-C-1,18-C-1,18-C,18,control,28,0.49,2.96,0.0296,1.889387104,0.3522,11.89864865,0.4,2.95,0.0295,1.558095034,0.3303,11.19661017,,-6.218057922
BPF,4,BPF-18-BPF-1,18-BPF-1,18-expose,18,expose,28,0.41,2.92,0.0292,1.646778933,0.4009,13.72945205,0.41,2.92,0.0292,1.646778933,0.3153,10.79794521,,-21.35195809
BPF,1,BPF-18-BPF-7,18-BPF-7,18-expose,18,expose,18,0.49,3.11,0.0311,1.628976852,0.1722,5.536977492,0.5,3.11,0.0311,1.662221277,0.2031,6.530546624,,17.94425087
BPF,2,BPF-18-C-7,18-C-7,18-C,18,control,18,0.74,3.44,0.0344,1.817843083,0.2855,8.299418605,0.71,3.45,0.0345,1.729024167,0.291,8.434782609,,1.926444834
BPF,3,BPF-18-BPF-2,18-BPF-2,18-expose,18,expose,28,0.78,3.41,0.0341,1.967122771,0.2833,8.307917889,0.65,3.41,0.0341,1.639268976,,,,
BPF,4,BPF-18-C-2,18-C-2,18-C,18,control,28,0.6,2.96,0.0296,2.31353523,0.3513,11.86824324,0.48,2.94,0.0294,1.888857723,0.2656,9.034013605,,-24.3951039
BPF,1,BPF-18-C-8,18-C-8,18-C,18,control,18,0.54,3.24,0.0324,1.587664482,0.241,7.438271605,0.5,3.24,0.0324,1.470059706,0.2383,7.354938272,,-1.12033195
BPF,2,BPF-18-BPF-8,18-BPF-8,18-expose,18,expose,18,0.52,2.74,0.0274,2.527852069,0.1685,6.149635036,0.41,2.73,0.0273,2.01509681,,,,
BPF,3,BPF-18-C-3,18-C-3,18-C,18,control,28,0.56,3.01,0.0301,2.053470841,0.2851,9.471760797,0.48,2.98,0.0298,1.813812728,0.2593,8.701342282,,-9.049456331
BPF,4,BPF-18-BPF-3,18-BPF-3,18-expose,18,expose,28,0.65,2.95,0.0295,2.53190443,0.268,9.084745763,0.55,2.95,0.0295,2.142380672,0.2627,8.905084746,,-1.97761194
BPF,1,BPF-18-BPF-9,18-BPF-9,18-expose,18,expose,18,0.5,2.9,0.029,2.050104555,0.2684,9.255172414,0.43,2.91,0.0291,1.744976122,0.1941,6.670103093,,-27.68256334
BPF,2,BPF-18-C-9,18-C-9,18-C,18,control,18,0.62,3.2,0.032,1.892089844,0.2532,7.9125,0.58,3.19,0.0319,1.786717719,0.2479,7.771159875,,-2.093206951
BPF,3,BPF-18-BPF-4,18-BPF-4,18-expose,18,expose,28,0.47,2.89,0.0289,1.947172062,0.3641,12.59861592,0.46,2.89,0.0289,1.905742869,0.2614,9.044982699,,-28.20653667
BPF,4,BPF-18-C-4,18-C-4,18-C,18,control,28,0.66,3.17,0.0317,2.071887398,0.3357,10.58990536,0.58,3.17,0.0317,1.820749532,0.3229,10.18611987,,-3.81292821
BPF,1,BPF-18-C-10,18-C-10,18-C,18,control,18,0.43,3.33,0.0333,1.164489978,0.1752,5.261261261,0.41,3.33,0.0333,1.110327653,0.1909,5.732732733,,8.961187215
BPF,2,BPF-18-BPF-10,18-BPF-10,18-expose,18,expose,18,0.42,2.89,0.0289,1.740026098,0.2432,8.415224913,0.39,2.89,0.0289,1.615738519,0.2308,7.98615917,,-5.098684211
BPF,3,BPF-18-C-5,18-C-5,18-C,18,control,28,0.54,3.11,0.0311,1.79519898,0.2816,9.054662379,0.47,3.12,0.0312,1.54751218,,,,
BPF,4,BPF-18-BPF-5,18-BPF-5,18-expose,18,expose,28,0.44,3.12,0.0312,1.448734807,0.3105,9.951923077,0.42,3.12,0.0312,1.382883225,0.2869,9.195512821,,-7.600644122
BPF,1,BPF-18-C-11,18-C-11,18-C,18,control,18,0.5,2.89,0.0289,2.07145964,0.1987,6.875432526,0.43,2.91,0.0291,1.744976122,0.2182,7.498281787,,9.813789633
BPF,2,BPF-18-BPF-11,18-BPF-11,18-expose,18,expose,18,0.47,2.85,0.0285,2.030314321,0.2741,9.61754386,0.47,2.87,0.0287,1.988163826,0.2537,8.839721254,,-3.064574973
BPF,3,BPF-28-C-1,28-C-1,28-C,28,control,28,0.61,3.05,0.0305,2.149959688,0.3061,10.03606557,0.58,3.09,0.0309,1.965859861,0.2932,9.488673139,,-4.214309049
BPF,4,BPF-28-BPF-1,28-BPF-1,28-expose,28,expose,28,0.52,2.79,0.0279,2.394367086,0.414,14.83870968,0.43,2.79,0.0279,1.979957398,0.3148,11.28315412,,-23.96135266
BPF,1,BPF-18-BPF-12,18-BPF-12,18-expose,18,expose,18,0.5,2.88,0.0288,2.093112354,0.243,8.4375,0.47,2.85,0.0285,2.030314321,0.2792,9.796491228,,14.89711934
BPF,2,BPF-18-C-12,18-C-12,18-C,18,control,18,0.51,3.06,0.0306,1.779942187,0.2101,6.866013072,0.42,3.06,0.0306,1.465834743,0.2029,6.630718954,,-3.426939553
BPF,3,BPF-28-BPF-2,28-BPF-2,28-expose,28,expose,28,0.55,3.31,0.0331,1.516626738,0.2459,7.429003021,0.55,3.31,0.0331,1.516626738,0.2524,7.625377644,,2.643350956
BPF,4,BPF-28-C-2,28-C-2,28-C,28,control,28,0.73,3.4,0.034,1.857317321,0.4135,12.16176471,0.67,3.4,0.034,1.704661103,0.3401,10.00294118,,-17.75090689
BPF,1,BPF-18-C-13,18-C-13,18-C,18,control,18,0.62,3.04,0.0304,2.206840465,0.2495,8.207236842,0.52,3.04,0.0304,1.850898455,0.2266,7.453947368,,-9.178356713
BPF,2,BPF-18-BPF-13,18-BPF-13,18-expose,18,expose,18,0.49,2.89,0.0289,2.030030448,0.2882,9.972318339,0.46,2.89,0.0289,1.905742869,0.2223,7.692041522,,-22.86606523
BPF,3,BPF-28-C-3,28-C-3,28-C,28,control,28,0.53,2.93,0.0293,2.107041107,0.3657,12.48122867,0.44,2.93,0.0293,1.749241674,0.3467,11.83276451,,-5.19551545
BPF,4,BPF-28-BPF-3,28-BPF-3,28-expose,28,expose,28,0.63,3.12,0.0312,2.074324837,0.3612,11.57692308,0.57,3.12,0.0312,1.876770091,0.3007,9.637820513,,-16.74972315
BPF,1,BPF-18-BPF-14,18-BPF-14,18-expose,18,expose,18,0.53,3.08,0.0308,1.813943351,0.2843,9.230519481,0.53,3.08,0.0308,1.813943351,0.1911,6.204545455,,-32.78227225
BPF,2,BPF-18-C-14,18-C-14,18-C,18,control,18,0.56,2.97,0.0297,2.137561797,0.21,7.070707071,0.45,2.97,0.0297,1.717683587,0.1995,6.717171717,,-5
BPF,3,BPF-28-BPF-4,28-BPF-4,28-expose,28,expose,28,0.53,3.05,0.0305,1.867997762,0.3626,11.88852459,0.51,3.05,0.0305,1.79750728,0.3011,9.872131148,,-16.96083839
BPF,4,BPF-28-C-4,28-C-4,28-C,28,control,28,0.41,3,0.03,1.518518519,0.3608,12.02666667,0.4,2.98,0.0298,1.511510607,0.3054,10.24832215,,-15.35476718
BPF,1,BPF-18-C-15,18-C-15,18-C,18,control,18,0.73,3.33,0.0333,1.976924846,0.2661,7.990990991,0.63,3.33,0.0333,1.706113223,0.2499,7.504504505,,-6.087936866
BPF,2,BPF-18-BPF-15,18-BPF-15,18-expose,18,expose,18,0.68,3.33,0.0333,1.841519034,0.2219,6.663663664,0.68,3.33,0.0333,1.841519034,0.2022,6.072072072,,-8.877872916
BPF,3,BPF-28-C-5,28-C-5,28-C,28,control,28,0.34,2.91,0.0291,1.379748562,0.3129,10.75257732,0.33,2.91,0.0291,1.339167722,0.3066,10.53608247,,-2.013422819
BPF,4,BPF-28-BPF-5,28-BPF-5,28-expose,28,expose,28,0.58,3.17,0.0317,1.820749532,0.4132,13.03470032,0.52,3.17,0.0317,1.632396132,0.2894,9.129337539,,-29.96127783
BPF,1,BPF-28-C-1,28-C-1,28-C,28,control,18,0.61,3.05,0.0305,2.149959688,0.2138,7.009836066,0.59,3.09,0.0309,1.999753996,0.1818,5.883495146,,-14.96725912
BPF,2,BPF-28-BPF-1,28-BPF-1,28-expose,28,expose,18,0.46,2.79,0.0279,2.11809396,0.2223,7.967741935,0.44,2.96,0.0296,1.696592502,0.2165,7.314189189,,-2.60908682
BPF,3,BPF-18-C-11,18-C-11,18-C,18,control,28,0.48,2.89,0.0289,1.988601255,,,0.44,2.91,0.0291,1.785556962,,,,
BPF,4,BPF-18-BPF-11,18-BPF-11,18-expose,18,expose,28,0.44,2.85,0.0285,1.90071979,0.3093,10.85263158,0.45,2.87,0.0287,1.90356111,0.2571,8.958188153,,-20.75654704
BPF,1,BPF-28-BPF-2,28-BPF-2,28-expose,28,expose,18,0.58,3.31,0.0331,1.599351832,0.1635,4.939577039,0.51,3.1,0.031,1.711926421,,,,
BPF,2,BPF-28-C-2,28-C-2,28-C,28,control,18,0.72,3.4,0.034,1.831874618,0.178,5.235294118,0.67,3.4,0.034,1.704661103,0.2112,6.211764706,,18.65168539
BPF,3,BPF-18-BPF-12,18-BPF-12,18-expose,18,expose,28,0.51,2.88,0.0288,2.134974601,0.3358,11.65972222,0.46,2.88,0.0288,1.925663366,0.2839,9.857638889,,-15.45562835
BPF,4,BPF-18-C-12,18-C-12,18-C,18,control,28,0.52,3.06,0.0306,1.814843015,0.2876,9.39869281,0.43,3.06,0.0306,1.50073557,0.2453,8.016339869,,-14.70792768
BPF,1,BPF-28-C-3,28-C-3,28-C,28,control,18,0.53,2.93,0.0293,2.107041107,0.2613,8.918088737,0.46,2.93,0.0293,1.828752659,0.2577,8.795221843,,-1.377726751
BPF,2,BPF-28-BPF-3,28-BPF-3,28-expose,28,expose,18,0.58,3.12,0.0312,1.909695882,0.177,5.673076923,0.57,3.07,0.0307,1.96997053,0.1869,6.087947883,,5.593220339
BPF,3,BPF-18-C-13,18-C-13,18-C,18,control,28,0.62,3.04,0.0304,2.206840465,0.2671,8.786184211,0.51,3.04,0.0304,1.815304254,0.2511,8.259868421,,-5.990265818
BPF,4,BPF-18-BPF-13,18-BPF-13,18-expose,18,expose,28,0.44,2.89,0.0289,1.822884484,0.3897,13.48442907,0.42,2.89,0.0289,1.740026098,0.2906,10.05536332,,-25.42981781
BPF,1,BPF-28-BPF-4,28-BPF-4,28-expose,28,expose,18,0.52,3.05,0.0305,1.832752521,0.2363,7.747540984,0.49,3.05,0.0305,1.727016799,0.2288,7.501639344,,-3.173931443
BPF,2,BPF-28-C-4,28-C-4,28-C,28,control,18,0.41,3,0.03,1.518518519,0.1822,6.073333333,0.39,3,0.03,1.444444444,0.2581,8.603333333,,41.65751921
BPF,3,BPF-18-BPF-14,18-BPF-14,18-expose,18,expose,28,0.53,3.08,0.0308,1.813943351,0.3142,10.2012987,0.5,3.08,0.0308,1.711267313,0.2969,9.63961039,,-5.506047104
BPF,4,BPF-18-C-14,18-C-14,18-C,18,control,28,0.55,2.97,0.0297,2.099391051,0.302,10.16835017,0.47,2.97,0.0297,1.79402508,0.2999,10.0976431,,-0.695364238
BPF,1,BPF-28-C-5,28-C-5,28-C,28,control,18,0.35,2.91,0.0291,1.420329402,0.1852,6.364261168,0.32,2.91,0.0291,1.298586882,0.2009,6.903780069,,8.477321814
BPF,2,BPF-28-BPF-5,28-BPF-5,28-expose,28,expose,18,0.53,3.17,0.0317,1.663788365,0.2582,8.14511041,0.58,3.17,0.0317,1.820749532,0.2224,7.015772871,,-13.86522076
BPF,3,BPF-18-C-15,18-C-15,18-C,18,control,28,0.67,3.33,0.0333,1.814437872,0.2934,8.810810811,0.64,3.33,0.0333,1.733194385,0.2754,8.27027027,,-6.134969325
BPF,4,BPF-18-BPF-15,18-BPF-15,18-expose,18,expose,28,0.64,3.33,0.0333,1.733194385,0.2944,8.840840841,0.66,3.33,0.0333,1.78735671,0.2788,8.372372372,,-5.298913043
BPF,1,BPF-28-C-6,28-C-6,28-C,28,control,18,0.55,2.97,0.0297,2.099391051,0.2389,8.043771044,0.54,3.03,0.0303,1.941180296,0.253,8.349834983,,5.902051067
BPF,2,BPF-28-BPF-6,28-BPF-6,28-expose,28,expose,18,0.75,3.27,0.0327,2.144954111,0.2101,6.425076453,0.51,3.01,0.0301,1.87012523,0.2078,6.903654485,,-1.094716802
BPF,3,BPF-28-C-11,28-C-11,28-C,28,control,28,0.52,3.1,0.031,1.745493605,0.3138,10.12258065,0.5,3.06,0.0306,1.74504136,0.3123,10.20588235,,-0.478011472
BPF,4,BPF-28-BPF-11,28-BPF-11,28-expose,28,expose,28,0.55,3.07,0.0307,1.900848757,0.4022,13.1009772,0.52,3.25,0.0325,1.514792899,0.3299,10.15076923,,-17.97613128
BPF,1,BPF-28-BPF-7,28-BPF-7,28-expose,28,expose,18,0.61,3.15,0.0315,1.951633093,0.2716,8.622222222,0.62,3.3,0.033,1.725241395,0.285,8.636363636,,4.933726068
BPF,2,BPF-28-C-7,28-C-7,28-C,28,control,18,0.76,3.39,0.0339,1.950807864,0.2496,7.362831858,0.76,3.35,0.0335,2.021525254,0.2523,7.531343284,,1.081730769
BPF,3,BPF-28-BPF-12,28-BPF-12,28-expose,28,expose,28,0.57,3.11,0.0311,1.894932256,0.3692,11.87138264,0.52,3.12,0.0312,1.712141135,0.366,11.73076923,,-0.866738895
BPF,4,BPF-28-C-12,28-C-12,28-C,28,control,28,0.71,3.18,0.0318,2.207887744,0.3613,11.36163522,0.65,3.25,0.0325,1.893491124,0.3788,11.65538462,,4.84362026
BPF,1,BPF-28-C-8,28-C-8,28-C,28,control,18,0.56,2.95,0.0295,2.181333048,0.234,7.93220339,0.52,2.95,0.0295,2.025523544,0.2403,8.145762712,,2.692307692
BPF,2,BPF-28-BPF-8,28-BPF-8,28-expose,28,expose,18,0.79,3.32,0.0332,2.158802141,0.2446,7.36746988,0.57,3.17,0.0317,1.789357298,0.2265,7.14511041,,-7.399836468
BPF,3,BPF-28-C-13,28-C-13,28-C,28,control,28,0.78,3.15,0.0315,2.49553084,0.3181,10.0984127,0.66,3.34,0.0334,1.771350626,0.3929,11.76347305,,23.51461804
BPF,4,BPF-28-BPF-13,28-BPF-13,28-expose,28,expose,28,0.69,3.02,0.0302,2.505118429,0.3311,10.96357616,0.66,3.3,0.033,1.836547291,0.4003,12.13030303,,20.9000302
BPF,1,BPF-28-BPF-9,28-BPF-9,28-expose,28,expose,18,0.45,2.74,0.0274,2.18756429,0.2224,8.116788321,0.47,2.94,0.0294,1.84950652,0.2152,7.319727891,,-3.237410072
BPF,2,BPF-28-C-9,28-C-9,28-C,28,control,18,0.79,3.27,0.0327,2.259351664,0.2807,8.584097859,0.7,3.29,0.0329,1.965668808,0.2559,7.778115502,,-8.835055219
BPF,3,BPF-28-BPF-14,28-BPF-14,28-expose,28,expose,28,0.59,3.11,0.0311,1.961421107,0.3452,11.09967846,0.57,3.15,0.0315,1.823657152,0.2993,9.501587302,,-13.29663963
BPF,4,BPF-28-C-14,28-C-14,28-C,28,control,28,0.48,2.89,0.0289,1.988601255,0.405,14.01384083,0.46,2.93,0.0293,1.828752659,0.4338,14.80546075,,7.111111111
BPF,1,BPF-28-C-10,28-C-10,28-C,28,control,18,0.66,3.14,0.0314,2.131841888,0.251,7.993630573,0.6,3.19,0.0319,1.848328675,0.253,7.931034483,,0.796812749
BPF,2,BPF-28-BPF-10,28-BPF-10,28-expose,28,expose,18,0.75,3.4,0.034,1.908202727,0.2826,8.311764706,0.74,3.31,0.0331,2.040552338,0.2422,7.317220544,,-14.29582449
BPF,3,BPF-28-C-15,28-C-15,28-C,28,control,28,0.51,2.92,0.0292,2.048432331,0.3261,11.16780822,0.5,3.04,0.0304,1.779710052,0.335,11.01973684,,2.729224164
BPF,4,BPF-28-BPF-15,28-BPF-15,28-expose,28,expose,28,0.76,3.31,0.0331,2.095702401,0.3936,11.89123867,0.72,3.3,0.033,2.003506136,0.368,11.15151515,,-6.504065041
BPF,1,BPF-28-C-11,28-C-11,28-C,28,control,18,0.56,3.1,0.031,1.879762344,0.2582,8.329032258,0.49,3.06,0.0306,1.710140533,0.2993,9.781045752,,15.91789311
BPF,2,BPF-28-BPF-11,28-BPF-11,28-expose,28,expose,18,0.53,3.07,0.0307,1.831726984,0.255,8.306188925,0.53,3.25,0.0325,1.543923532,0.284,8.738461538,,11.37254902
BPF,3,BPF-28-C-6,28-C-6,28-C,28,control,28,0.49,2.97,0.0297,1.870366572,0.3189,10.73737374,0.51,3.03,0.0303,1.833336946,0.3642,12.01980198,,14.20507996
BPF,4,BPF-28-BPF-6,28-BPF-6,28-expose,28,expose,28,0.72,3.27,0.0327,2.059155947,0.3576,10.93577982,0.49,3.01,0.0301,1.796786986,0.309,10.26578073,,-13.59060403
BPF,1,BPF-28-BPF-12,28-BPF-12,28-expose,28,expose,18,0.57,3.11,0.0311,1.894932256,0.222,7.138263666,0.51,3.12,0.0312,1.679215344,0.1975,6.330128205,,-11.03603604
BPF,2,BPF-28-C-12,28-C-12,28-C,28,control,18,0.7,3.18,0.0318,2.176790734,0.2245,7.059748428,0.67,3.25,0.0325,1.95175239,0.2389,7.350769231,,6.414253898
BPF,3,BPF-28-BPF-7,28-BPF-7,28-expose,28,expose,28,0.6,3.15,0.0315,1.919639108,0.3569,11.33015873,0.61,3.3,0.033,1.697414921,0.3648,11.05454545,,2.213505184
BPF,4,BPF-28-C-7,28-C-7,28-C,28,control,28,0.78,3.39,0.0339,2.002144913,0.3522,10.38938053,0.77,3.35,0.0335,2.048124271,0.3793,11.32238806,,7.694491766
BPF,1,BPF-28-C-13,28-C-13,28-C,28,control,18,0.75,3.15,0.0315,2.399548885,0.2481,7.876190476,0.66,3.34,0.0334,1.771350626,0.2357,7.056886228,,-4.997984684
BPF,2,BPF-28-BPF-13,28-BPF-13,28-expose,28,expose,18,0.68,3.02,0.0302,2.468812365,0.2207,7.30794702,0.65,3.3,0.033,1.808720817,0.2128,6.448484848,,-3.57951971
BPF,3,BPF-28-C-8,28-C-8,28-C,28,control,28,0.52,2.95,0.0295,2.025523544,0.2618,8.874576271,0.51,3.25,0.0325,1.485662267,0.3114,9.581538462,,18.94576012
BPF,4,BPF-28-BPF-8,28-BPF-8,28-expose,28,expose,28,0.78,3.32,0.0332,2.131475532,0.2928,8.819277108,0.56,2.95,0.0295,2.181333048,0.2827,9.583050847,,-3.449453552
BPF,1,BPF-28-BPF-14,28-BPF-14,28-expose,28,expose,18,0.58,3.11,0.0311,1.928176682,0.2277,7.321543408,0.55,3.15,0.0315,1.759669182,0.2183,6.93015873,,-4.128238911
BPF,2,BPF-28-C-14,28-C-14,28-C,28,control,18,0.48,2.89,0.0289,1.988601255,0.2284,7.903114187,0.47,2.93,0.0293,1.868508152,0.2043,6.972696246,,-10.55166375
BPF,3,BPF-28-BPF-9,28-BPF-9,28-expose,28,expose,28,0.44,2.74,0.0274,2.13895175,0.2892,10.55474453,0.46,2.94,0.0294,1.810155318,0.3139,10.67687075,,8.540802213
BPF,4,BPF-28-C-9,28-C-9,28-C,28,control,28,0.75,3.27,0.0327,2.144954111,0.2886,8.825688073,0.68,3.29,0.0329,1.909506842,0.2966,9.015197568,,2.772002772
BPF,1,BPF-28-C-15,28-C-15,28-C,28,control,18,0.51,2.92,0.0292,2.048432331,0.2475,8.476027397,0.49,3.04,0.0304,1.744115851,0.2945,9.6875,,18.98989899
BPF,2,BPF-28-BPF-15,28-BPF-15,28-expose,28,expose,18,0.74,3.31,0.0331,2.040552338,,,0.7,3.3,0.033,1.947853188,,,,
BPF,3,BPF-28-C-10,28-C-10,28-C,28,control,28,0.63,3.14,0.0314,2.034939984,0.2695,8.582802548,0.61,3.19,0.0319,1.879134153,0.3447,10.80564263,,27.90352505
BPF,4,BPF-28-BPF-10,28-BPF-10,28-expose,28,expose,28,0.73,3.4,0.034,1.857317321,0.3437,10.10882353,0.7,3.31,0.0331,1.930252211,0.356,10.75528701,,3.578702357
BPS,1,BPS-18-C-1,18-C-1,18-C,18,control,18,0.46,2.9,0.029,1.886096191,0.2483,8.562068966,0.41,2.9,0.029,1.681085735,0.261,9,0.437931034,5.114780502
BPS,2,BPS-18-BPS-1,18-BPS-1,18-expose,18,expose,18,0.73,3.31,0.0331,2.012977306,0.2529,7.640483384,0.6,3.31,0.0331,1.654501896,0.2633,7.954682779,0.314199395,4.11229734
BPS,3,BPS-18-C-6,18-C-6,18-C,18,control,28,0.48,2.87,0.0287,2.030465184,0.3136,10.92682927,0.42,2.93,0.0293,1.669730689,0.257,8.771331058,-2.155498212,-19.72665774
BPS,4,BPS-18-BPS-6,18-BPS-6,18-expose,18,expose,28,0.44,2.65,0.0265,2.364367901,0.3411,12.87169811,0.4,2.75,0.0275,1.92336589,0.2586,9.403636364,-3.468061746,-26.94331172
BPS,1,BPS-18-BPS-2,18-BPS-2,18-expose,18,expose,18,0.45,3.05,0.0305,1.586035836,0.243,7.967213115,0.42,3.05,0.0305,1.480300113,0.2109,6.914754098,-1.052459017,-13.20987655
BPS,2,BPS-18-C-2,18-C-2,18-C,18,control,18,0.42,3.09,0.0309,1.423553692,0.2657,8.598705502,0.4,3.17,0.0317,1.252131021,0.225,7.091080996,-1.507624506,-17.53315666
BPS,3,BPS-18-BPS-7,18-BPS-7,18-expose,18,expose,28,0.45,3,0.03,1.666666667,0.3099,10.33,0.42,3.1,0.031,1.409821758,0.2498,8.058064516,-2.271935484,-21.99356712
BPS,4,BPS-18-C-7,18-C-7,18-C,18,control,28,0.69,3.01,0.0301,2.530169429,0.3493,11.60465116,0.56,3.07,0.0307,1.935409643,0.2972,9.680781759,-1.923869401,-16.57843372
BPS,1,BPS-18-C-3,18-C-3,18-C,18,control,18,0.51,2.87,0.0287,2.157369258,0.2581,8.993031359,0.49,2.87,0.0287,2.072766542,,,,
BPS,2,BPS-18-BPS-3,18-BPS-3,18-expose,18,expose,18,0.44,2.88,0.0288,1.841938872,0.267,9.270833333,0.44,2.88,0.0288,1.841938872,,,,
BPS,3,BPS-18-C-8,18-C-8,18-C,18,control,28,0.65,3.03,0.0303,2.336605912,0.2986,9.854785479,0.6,3.03,0.0303,2.156866995,0.291,9.603960396,-0.250825083,-2.545210989
BPS,4,BPS-18-BPS-8,18-BPS-8,18-expose,18,expose,28,0.42,2.83,0.0283,1.853062143,0.366,12.93286219,0.33,2.86,0.0286,1.41063885,0.2815,9.842657343,-3.090204847,-23.89420688
BPS,1,BPS-18-BPS-4,18-BPS-4,18-expose,18,expose,18,0.4,2.85,0.0285,1.727927081,0.2926,10.26666667,0.39,2.85,0.0285,1.684728904,0.2288,8.028070175,-2.238596495,-21.80451131
BPS,2,BPS-18-C-4,18-C-4,18-C,18,control,18,0.48,2.95,0.0295,1.869714041,0.3268,11.0779661,0.41,2.95,0.0295,1.59704741,0.2807,9.515254237,-1.562711863,-14.10648714
BPS,3,BPS-18-BPS-9,18-BPS-9,18-expose,18,expose,28,0.49,2.87,0.0287,2.072766542,0.3484,12.13937282,0.39,3.02,0.0302,1.415936503,,,,
BPS,4,BPS-18-C-9,18-C-9,18-C,18,control,28,0.53,2.91,0.0291,2.150784523,0.4121,14.16151203,0.5,2.95,0.0295,1.599699257,0.3693,12.51864407,-1.642867962,-11.60093609
BPS,1,BPS-18-C-5,18-C-5,18-C,18,control,18,0.61,3.1,0.031,2.047598268,0.241,7.774193548,0.52,3.1,0.031,1.745493605,0.2519,8.125806452,0.351612904,4.522821587
BPS,2,BPS-18-BPS-5,18-BPS-5,18-expose,18,expose,18,0.5,2.96,0.0296,1.927946025,0.246,8.310810811,0.48,2.96,0.0296,1.850828184,0.16,5.405405405,-2.905405406,-34.9593496
BPS,3,BPS-18-C-10,18-C-10,18-C,18,control,28,0.49,2.81,0.0281,2.208396857,0.3521,12.53024911,0.42,3.03,0.0303,1.509806897,,,,
BPS,4,BPS-18-BPS-10,18-BPS-10,18-expose,18,expose,28,0.53,2.9,0.029,2.173110829,0.3602,12.42068966,0.49,2.87,0.0287,2.072766542,0.2811,9.794425087,-2.626264573,-21.14427334
BPS,1,BPS-18-C-6,18-C-6,18-C,18,control,18,0.49,2.93,0.0293,1.948019137,0.2335,7.969283276,0.42,2.93,0.0293,1.669730689,0.1948,6.648464164,-1.320819112,-16.5738758
BPS,2,BPS-18-BPS-6,18-BPS-6,18-expose,18,expose,18,0.46,2.67,0.0267,2.416707265,0.1857,6.95505618,0.46,2.75,0.0275,2.211870774,0.1771,6.44,-0.51505618,-7.405492733
BPS,3,BPS-18-C-1,18-C-1,18-C,18,control,28,0.47,2.82,0.0282,2.095803363,0.3041,10.78368794,0.46,2.9,0.029,1.886096191,0.2821,9.727586207,-1.056101733,-9.793511634
BPS,4,BPS-18-BPS-1,18-BPS-1,18-expose,18,expose,28,0.7,3.26,0.0326,2.020436659,0.2882,8.840490798,0.61,3.31,0.0331,1.682076927,0.2738,8.271903323,-0.568587475,-6.431627926
BPS,1,BPS-18-BPS-7,18-BPS-7,18-expose,18,expose,18,0.45,2.99,0.0299,1.683445065,0.26,8.695652174,0.47,3.1,0.031,1.577657682,0.2153,6.94516129,-1.750490884,-20.13064517
BPS,2,BPS-18-C-7,18-C-7,18-C,18,control,18,0.59,3.05,0.0305,2.079469207,0.3061,10.03606557,0.55,3.07,0.0307,1.900848757,0.2219,7.228013029,-2.808052541,-27.97961533
BPS,3,BPS-18-BPS-2,18-BPS-2,18-expose,18,expose,28,0.41,3,0.03,1.518518519,0.297,9.9,0.4,3.05,0.0305,1.409809632,0.2445,8.016393443,-1.883606557,-19.02632886
BPS,4,BPS-18-C-2,18-C-2,18-C,18,control,28,0.42,2.94,0.0294,1.652750507,0.386,13.1292517,0.37,3.173,0.03173,1.158221194,0.3505,11.0463284,-2.082923304,-15.8647526
BPS,1,BPS-18-C-8,18-C-8,18-C,18,control,18,0.61,3.07,0.0307,2.108214076,0.2444,7.960912052,0.55,3.03,0.0303,1.977128079,0.2503,8.260726073,0.299814021,3.766076287
BPS,2,BPS-18-BPS-8,18-BPS-8,18-expose,18,expose,18,0.43,2.88,0.0288,1.800076625,0.2501,8.684027778,0.39,2.86,0.0286,1.667118641,0.1909,6.674825175,-2.009202603,-23.13675928
BPS,3,BPS-18-C-3,18-C-3,18-C,18,control,28,0.5,2.85,0.0285,2.159908852,0.2959,10.38245614,0.47,2.87,0.0287,1.988163826,,,,
BPS,4,BPS-18-BPS-3,18-BPS-3,18-expose,18,expose,28,0.43,2.99,0.0299,1.608625284,0.309,10.33444816,0.43,2.88,0.0288,1.800076625,,,,
BPS,1,BPS-18-BPS-9,18-BPS-9,18-expose,18,expose,18,0.45,2.97,0.0297,1.717683587,0.2525,8.501683502,0.39,3.02,0.0302,1.415936503,,,,
BPS,2,BPS-18-C-9,18-C-9,18-C,18,control,18,0.5,2.8,0.028,2.277696793,0.285,10.17857143,0.47,2.95,0.0295,1.503717301,0.2978,10.09491525,-0.083656176,-0.821885277
BPS,3,BPS-18-BPS-4,18-BPS-4,18-expose,18,expose,28,0.41,2.78,0.0278,1.908312385,0.3202,11.51798561,0.4,2.85,0.0285,1.727927081,0.2691,9.442105263,-2.075880347,-18.02294618
BPS,4,BPS-18-C-4,18-C-4,18-C,18,control,28,0.48,2.94,0.0294,1.888857723,0.413,14.04761905,0.47,2.95,0.0295,1.830761665,0.3617,12.26101695,-1.786602101,-12.71818444
BPS,1,BPS-18-C-10,18-C-10,18-C,18,control,18,0.47,2.86,0.0286,2.009091696,0.2668,9.328671329,0.44,3.03,0.0303,1.581702463,0.1921,6.339933993,-2.988737336,-32.03818883
BPS,2,BPS-18-BPS-10,18-BPS-10,18-expose,18,expose,18,0.5,2.87,0.0287,2.1150679,0.2832,9.867595819,0.47,2.87,0.0287,1.988163826,0.1963,6.839721254,-3.027874565,-30.68502825
BPS,3,BPS-18-C-5,18-C-5,18-C,18,control,28,0.57,3.05,0.0305,2.008978725,0.3258,10.68196721,0.54,3.1,0.031,1.812627975,0.318,10.25806452,-0.423902694,-3.96839535
BPS,4,BPS-18-BPS-5,18-BPS-5,18-expose,18,expose,28,0.5,3.09,0.0309,1.694706777,0.3765,12.18446602,0.42,2.96,0.0296,1.619474661,0.3005,10.15202703,-2.032438993,-16.68057498
BPS,1,BPS-18-C-11,18-C-11,18-C,18,control,18,0.46,2.84,0.0284,2.008180805,0.233,8.204225352,0.44,2.84,0.0284,1.920868596,0.2317,8.158450704,-0.045774648,-0.557939916
BPS,2,BPS-18-BPS-11,18-BPS-11,18-expose,18,expose,18,0.28,2.59,0.0259,1.611605493,0.1721,6.644787645,0.21,2.55,0.0255,1.266481218,0.1735,6.803921569,0.159133924,2.394868467
BPS,3,BPS-28-C-1,28-C-1,28-C,28,control,28,0.64,3.03,0.0303,2.300658128,0.3474,11.46534653,0.5,2.94,0.0294,1.967560128,0.3062,10.41496599,-1.050380544,-9.161350137
BPS,4,BPS-28-BPS-1,28-BPS-1,28-expose,28,expose,28,0.47,2.88,0.0288,1.967525613,0.4261,14.79513889,0.36,2.93,0.0293,1.431197733,0.309,10.54607509,-4.249063805,-28.7193235
BPS,1,BPS-18-BPS-12,18-BPS-12,18-expose,18,expose,18,0.6,3.01,0.0301,2.200147329,0.2282,7.581395349,0.39,3.01,0.0301,1.430095764,,,,
BPS,2,BPS-18-C-12,18-C-12,18-C,18,control,18,0.43,2.87,0.0287,1.818958394,0.2599,9.055749129,0.45,3.07,0.0307,1.555239892,0.2175,7.084690554,-1.971058575,-21.76582574
BPS,3,BPS-28-BPS-2,28-BPS-2,28-expose,28,expose,28,0.43,3.02,0.0302,1.56116076,0.3084,10.21192053,0.39,3.01,0.0301,1.430095764,0.2665,8.853820598,-1.358099932,-13.29916276
BPS,4,BPS-28-C-2,28-C-2,28-C,28,control,28,0.45,2.83,0.0283,1.985423725,0.3589,12.6819788,0.38,2.99,0.0299,1.421575833,0.3249,10.86622074,-1.815758064,-14.31762415
BPS,1,BPS-18-C-13,18-C-13,18-C,18,control,18,0.41,2.79,0.0279,1.887866356,0.284,10.17921147,0.4,2.79,0.0279,1.841820835,0.2581,9.250896057,-0.928315413,-9.119718317
BPS,2,BPS-18-BPS-13,18-BPS-13,18-expose,18,expose,18,0.4,2.7,0.027,2.032210537,0.2879,10.66296296,0.4,2.7,0.027,2.032210537,0.2513,9.307407407,-1.355555553,-12.71274746
BPS,3,BPS-28-C-3,28-C-3,28-C,28,control,28,0.38,2.84,0.0284,1.658931969,0.367,12.92253521,0.32,2.878,0.02878,1.342386604,0.3573,12.41487144,-0.507663772,-3.928515278
BPS,4,BPS-28-BPS-3,28-BPS-3,28-expose,28,expose,28,0.49,2.84,0.0284,2.139149118,0.3655,12.86971831,0.41,2.84,0.0284,1.789900282,0.2995,10.54577465,-2.323943662,-18.05745552
BPS,1,BPS-18-BPS-14,18-BPS-14,18-expose,18,expose,18,0.49,2.94,0.0294,1.928208925,0.2835,9.642857143,0.48,2.94,0.0294,1.888857723,0.2277,7.744897959,-1.897959184,-19.68253969
BPS,2,BPS-18-C-14,18-C-14,18-C,18,control,18,0.46,3.07,0.0307,1.589800778,0.2224,7.244299674,0.44,2.8,0.028,2.004373178,0.1884,6.728571429,-0.515728245,-7.119090433
BPS,3,BPS-28-BPS-4,28-BPS-4,28-expose,28,expose,28,0.5,2.89,0.0289,2.07145964,0.3111,10.76470588,0.43,2.78,0.0278,2.001400794,0.298,10.71942446,-0.04528142,-0.420647071
BPS,4,BPS-28-C-4,28-C-4,28-C,28,control,28,0.58,3.1,0.031,1.946896714,0.362,11.67741935,0.56,3.26,0.0326,1.616349327,0.3699,11.34662577,-0.330793583,-2.832762703
BPS,1,BPS-18-C-15,18-C-15,18-C,18,control,18,0.43,2.72,0.0272,2.136789513,0.2572,9.455882353,0.43,2.72,0.0272,2.136789513,0.2317,8.518382353,-0.9375,-9.914463453
BPS,2,BPS-18-BPS-15,18-BPS-15,18-expose,18,expose,18,0.51,2.8,0.028,2.323250729,0.283,10.10714286,0.5,2.8,0.028,2.277696793,0.2414,8.621428571,-1.485714289,-14.69964667
BPS,3,BPS-28-C-5,28-C-5,28-C,28,control,28,0.4,2.57,0.0257,2.35646298,0.3148,12.24902724,0.41,2.77,0.0277,1.929054731,0.2945,10.63176895,-1.617258287,-13.20315694
BPS,4,BPS-28-BPS-5,28-BPS-5,28-expose,28,expose,28,0.52,2.89,0.0289,2.154318026,0.3421,11.83737024,0.49,3.05,0.0305,1.727016799,0.3101,10.16721311,-1.670157125,-14.10919061
BPS,1,BPS-28-C-1,28-C-1,28-C,28,control,18,0.63,2.96,0.0296,2.429211991,0.2832,9.567567568,0.57,2.94,0.0294,2.243018546,0.2505,8.520408163,-1.047159405,-10.94488644
BPS,2,BPS-28-BPS-1,28-BPS-1,28-expose,28,expose,18,0.43,2.75,0.0275,2.067618332,0.2836,10.31272727,0.35,2.93,0.0293,1.391442241,0.1864,6.361774744,-3.950952526,-38.3114226
BPS,3,BPS-18-C-11,18-C-11,18-C,18,control,28,0.47,2.88,0.0288,1.967525613,0.3307,11.48263889,0.45,2.84,0.0284,1.9645247,0.2691,9.475352113,-2.007286777,-17.48105811
BPS,4,BPS-18-BPS-11,18-BPS-11,18-expose,18,expose,28,0.27,2.58,0.0258,1.572188612,0.2816,10.91472868,0.22,2.55,0.0255,1.326789847,0.2455,9.62745098,-1.2872777,-11.79395052
BPS,1,BPS-28-BPS-2,28-BPS-2,28-expose,28,expose,18,0.45,3.04,0.0304,1.601739047,0.2735,8.996710526,0.36,3.01,0.0301,1.320088398,0.2209,7.338870432,-1.657840094,-18.42718057
BPS,2,BPS-28-C-2,28-C-2,28-C,28,control,18,0.49,2.91,0.0291,1.988461163,0.205,7.04467354,0.42,2.99,0.0299,1.571215394,0.2095,7.006688963,-0.037984577,-0.539195703
BPS,3,BPS-18-BPS-12,18-BPS-12,18-expose,18,expose,28,0.58,2.91,0.0291,2.353688723,0.263,9.037800687,0.44,3.01,0.0301,1.613441375,,,,
BPS,4,BPS-18-C-12,18-C-12,18-C,18,control,28,0.46,2.86,0.0286,1.966345064,0.3603,12.5979021,0.46,3.07,0.0307,1.589800778,0.3189,10.38762215,-2.21027995,-17.54482558
BPS,1,BPS-28-C-3,28-C-3,28-C,28,control,18,0.39,2.76,0.0276,1.85497201,0.26,9.420289855,0.39,2.878,0.02878,1.636033673,0.2757,9.579569145,0.15927929,1.690810925
BPS,2,BPS-28-BPS-3,28-BPS-3,28-expose,28,expose,18,0.48,2.87,0.0287,2.030465184,0.2261,7.87804878,0.46,2.84,0.0284,2.008180805,0.1976,6.957746479,-0.920302301,-11.68185583
BPS,3,BPS-18-C-13,18-C-13,18-C,18,control,28,0.41,2.85,0.0285,1.771125259,0.3609,12.66315789,0.41,2.79,0.0279,1.887866356,0.2851,10.21863799,-2.444519897,-19.30418874
BPS,4,BPS-18-BPS-13,18-BPS-13,18-expose,18,expose,28,0.46,2.83,0.0283,2.029544252,0.3601,12.72438163,0.42,2.7,0.027,2.133821064,0.2634,9.755555556,-2.968826074,-23.33179058
BPS,1,BPS-28-BPS-4,28-BPS-4,28-expose,28,expose,18,0.51,2.84,0.0284,2.226461327,0.2621,9.228873239,0.46,2.78,0.0278,2.141033408,0.2559,9.205035971,-0.023837268,-0.258290123
BPS,2,BPS-28-C-4,28-C-4,28-C,28,control,18,0.5,3.03,0.0303,1.797389163,0.2815,9.290429043,0.51,3.26,0.0326,1.472032423,0.285,8.742331288,-0.548097755,-5.899595729
BPS,3,BPS-18-BPS-14,18-BPS-14,18-expose,18,expose,28,0.5,2.99,0.0299,1.870494516,0.3116,10.42140468,0.49,2.94,0.0294,1.928208925,0.2701,9.18707483,-1.23432985,-11.84417924
BPS,4,BPS-18-C-14,18-C-14,18-C,18,control,28,0.48,2.95,0.0295,1.869714041,0.351,11.89830508,0.4,2.8,0.028,1.822157434,0.2353,8.403571429,-3.494733651,-29.37169309
BPS,1,BPS-28-C-5,28-C-5,28-C,28,control,18,0.4,2.79,0.0279,1.841820835,0.2533,9.078853047,0.38,2.77,0.0277,1.787904385,0.2003,7.231046931,-1.847806116,-20.35285852
BPS,2,BPS-28-BPS-5,28-BPS-5,28-expose,28,expose,18,0.48,2.92,0.0292,1.927936311,0.2556,8.753424658,0.48,3.05,0.0305,1.691771558,0.2242,7.350819672,-1.402604986,-16.02349984
BPS,3,BPS-18-C-15,18-C-15,18-C,18,control,28,0.43,2.72,0.0272,2.136789513,0.351,12.90441176,0.39,2.72,0.0272,1.938018395,0.2811,10.70588235,-2.198529407,-17.03703703
BPS,4,BPS-18-BPS-15,18-BPS-15,18-expose,18,expose,28,0.51,2.88,0.0288,2.134974601,0.413,14.34027778,0.45,2.8,0.028,2.049927114,0.2981,11.36071429,-2.979563494,-20.77758559
BPS,1,BPS-28-C-6,28-C-6,28-C,28,control,18,0.38,2.69,0.0269,1.952211005,0.2441,9.074349442,0.36,2.84,0.0284,1.57161976,0.2454,8.64084507,-0.433504372,-4.777250146
BPS,2,BPS-28-BPS-6,28-BPS-6,28-expose,28,expose,18,0.47,2.94,0.0294,1.84950652,0.2436,8.285714286,0.41,2.91,0.0291,1.663814442,0.2276,7.821305842,-0.464408444,-5.604929496
BPS,3,BPS-28-C-11,28-C-11,28-C,28,control,28,0.47,2.85,0.0285,2.030314321,0.336,11.78947368,0.46,2.96,0.0296,1.773710343,0.3174,10.72297297,-1.066500707,-9.046211383
BPS,4,BPS-28-BPS-11,28-BPS-11,28-expose,28,expose,28,0.47,3.03,0.0303,1.689545813,0.4348,14.34983498,0.39,3,0.03,1.444444444,0.3618,12.06,-2.28983498,-15.95722169
BPS,1,BPS-28-BPS-7,28-BPS-7,28-expose,28,expose,18,0.54,2.88,0.0288,2.260561343,0.2244,7.791666667,0.42,2.83,0.0283,1.853062143,0.2379,8.406360424,0.614693757,7.889117737
BPS,2,BPS-28-C-7,28-C-7,28-C,28,control,18,0.54,3.01,0.0301,1.980132596,0.211,7.009966777,0.53,2.98,0.0298,2.002751554,0.2613,8.768456376,1.758489599,25.08556253
BPS,3,BPS-28-BPS-12,28-BPS-12,28-expose,28,expose,28,0.4,2.97,0.0297,1.526829855,0.3295,11.09427609,0.29,2.97,0.0297,1.106951645,0.2853,9.606060606,-1.488215484,-13.414264
BPS,4,BPS-28-C-12,28-C-12,28-C,28,control,28,0.45,2.75,0.0275,2.163786627,0.4441,16.14909091,0.43,2.93,0.0293,1.709486181,0.4252,14.51194539,-1.637145518,-10.13769462
BPS,1,BPS-28-C-8,28-C-8,28-C,28,control,18,0.55,2.9,0.029,2.255115011,0.2445,8.431034483,0.54,2.99,0.0299,2.020134078,0.2445,8.177257525,-0.253776958,-3.010033449
BPS,2,BPS-28-BPS-8,28-BPS-8,28-expose,28,expose,18,0.18,2.75,0.0275,0.865514651,0.1885,6.854545455,0.19,2.82,0.0282,0.847239658,0.1922,6.815602837,-0.038942618,-0.568128379
BPS,3,BPS-28-C-13,28-C-13,28-C,28,control,28,0.38,2.74,0.0274,1.847276512,0.327,11.93430657,0.37,2.86,0.0286,1.581625377,0.3313,11.58391608,-0.350390486,-2.935993708
BPS,4,BPS-28-BPS-13,28-BPS-13,28-expose,28,expose,28,0.39,2.67,0.0267,2.048947464,0.359,13.44569288,0.34,2.88,0.0288,1.423316401,0.3718,12.90972222,-0.535970658,-3.986188475
BPS,1,BPS-28-BPS-9,28-BPS-9,28-expose,28,expose,18,0.55,3.21,0.0321,1.662829008,0.2574,8.018691589,0.52,3.21,0.0321,1.572129244,0.2117,6.595015576,-1.423676013,-17.75446776
BPS,2,BPS-28-C-9,28-C-9,28-C,28,control,18,0.51,2.99,0.0299,1.907904407,0.249,8.327759197,0.42,3.16,0.0316,1.331030608,0.2855,9.034810127,0.70705093,8.490290284
BPS,3,BPS-28-BPS-14,28-BPS-14,28-expose,28,expose,28,0.41,2.95,0.0295,1.59704741,0.32,10.84745763,0.38,3.2,0.032,1.159667969,0.3405,10.640625,-0.20683263,-1.906738307
BPS,4,BPS-28-C-14,28-C-14,28-C,28,control,28,0.45,3.01,0.0301,1.650110497,0.4104,13.6345515,0.41,3.22,0.0322,1.228050543,0.4199,13.04037267,-0.594178829,-4.35789054
BPS,1,BPS-28-C-10,28-C-10,28-C,28,control,18,0.51,2.88,0.0288,2.134974601,0.2849,9.892361111,0.48,3.19,0.0319,1.47866294,0.2423,7.595611285,-2.296749826,-23.21740786
BPS,2,BPS-28-BPS-10,28-BPS-10,28-expose,28,expose,18,0.37,2.89,0.0289,1.532880134,0.2689,9.30449827,0.39,2.915,0.02915,1.574522713,0.2398,8.226415094,-1.078083176,-11.58668791
BPS,3,BPS-28-C-15,28-C-15,28-C,28,control,28,0.43,2.74,0.0274,2.090339211,0.357,13.02919708,0.41,2.78,0.0278,1.908312385,0.3217,11.57194245,-1.457254634,-11.18453133
BPS,4,BPS-28-BPS-15,28-BPS-15,28-expose,28,expose,28,0.34,2.79,0.0279,1.56554771,0.4033,14.45519713,0.35,3.12,0.0312,1.152402687,0.3825,12.25961538,-2.195581745,-15.18887449
BPS,1,BPS-28-C-11,28-C-11,28-C,28,control,18,0.47,2.96,0.0296,1.812269263,0.2988,10.09459459,0.43,2.96,0.0296,1.658033581,0.181,6.114864865,-3.979729725,-39.42436409
BPS,2,BPS-28-BPS-11,28-BPS-11,28-expose,28,expose,18,0.48,2.92,0.0292,1.927936311,0.2735,9.366438356,0.43,3,0.03,1.592592593,0.2242,7.473333333,-1.893105023,-20.21157831
BPS,3,BPS-28-C-6,28-C-6,28-C,28,control,28,0.37,2.73,0.0273,1.818502,0.2992,10.95970696,0.39,2.84,0.0284,1.702588074,0.3752,13.21126761,2.251560646,20.54398588
BPS,4,BPS-28-BPS-6,28-BPS-6,28-expose,28,expose,28,0.46,3.03,0.0303,1.65359803,0.4082,13.47194719,0.42,2.91,0.0291,1.704395282,0.375,12.88659794,-0.585349252,-4.344949113
BPS,1,BPS-28-BPS-12,28-BPS-12,28-expose,28,expose,18,0.44,3.02,0.0302,1.597466824,0.2423,8.023178808,0.36,2.97,0.0297,1.37414687,0.1992,6.707070707,-1.316108101,-16.40382363
BPS,2,BPS-28-C-12,28-C-12,28-C,28,control,18,0.42,2.71,0.0271,2.110286486,0.2572,9.490774908,0.42,2.93,0.0293,1.669730689,0.257,8.771331058,-0.71944385,-7.580454251
BPS,3,BPS-28-BPS-7,28-BPS-7,28-expose,28,expose,28,0.53,2.96,0.0296,2.043622786,0.348,11.75675676,0.43,2.83,0.0283,1.89718267,0.299,10.56537102,-1.191385735,-10.13362583
BPS,4,BPS-28-C-7,28-C-7,28-C,28,control,28,0.58,3.07,0.0307,2.004531416,0.3481,11.33876221,0.53,2.98,0.0298,2.002751554,0.3493,11.72147651,0.3827143,3.375274064
BPS,1,BPS-28-C-13,28-C-13,28-C,28,control,18,0.42,2.81,0.0281,1.892911591,0.2664,9.480427046,0.45,2.86,0.0286,1.923598432,0.2375,8.304195804,-1.176231242,-12.40694366
BPS,2,BPS-28-BPS-13,28-BPS-13,28-expose,28,expose,18,0.4,2.66,0.0266,2.125274745,0.2462,9.255639098,0.4,2.88,0.0288,1.674489883,0.2141,7.434027778,-1.82161132,-19.68109712
BPS,3,BPS-28-C-8,28-C-8,28-C,28,control,28,0.52,2.97,0.0297,1.984878812,0.3101,10.44107744,0.48,2.99,0.0299,1.795674736,0.369,12.34113712,1.900059684,18.19792728
BPS,4,BPS-28-BPS-8,28-BPS-8,28-expose,28,expose,28,0.2,2.79,0.0279,0.920910418,0.2865,10.2688172,0.19,2.82,0.0282,0.847239658,0.302,10.70921986,0.440402658,4.288737947
BPS,1,BPS-28-BPS-14,28-BPS-14,28-expose,28,expose,18,0.45,2.93,0.0293,1.788997167,0.2677,9.136518771,0.41,3.2,0.032,1.251220703,0.2481,7.753125,-1.383393771,-15.14136627
BPS,2,BPS-28-C-14,28-C-14,28-C,28,control,18,0.48,2.97,0.0297,1.832195826,0.2567,8.643097643,0.43,3.22,0.0322,1.287955448,0.2821,8.760869565,0.117771922,1.362612421
BPS,3,BPS-28-BPS-9,28-BPS-9,28-expose,28,expose,28,0.51,3.2,0.032,1.556396484,0.2985,9.328125,0.5,3.21,0.0321,1.511662735,0.2641,8.22741433,-1.10071067,-11.79991338
BPS,4,BPS-28-C-9,28-C-9,28-C,28,control,28,0.51,2.98,0.0298,1.927176024,0.4725,15.8557047,0.49,3.16,0.0316,1.552869043,0.4326,13.68987342,-2.165831282,-13.65963431
BPS,1,BPS-28-C-15,28-C-15,28-C,28,control,18,0.43,2.74,0.0274,2.090339211,0.281,10.25547445,0.44,2.78,0.0278,2.047944999,0.2524,9.079136691,-1.176337759,-11.47033972
BPS,2,BPS-28-BPS-15,28-BPS-15,28-expose,28,expose,18,0.38,2.74,0.0274,1.847276512,0.2656,9.693430657,0.35,3.12,0.0312,1.152402687,0.2479,7.945512821,-1.747917836,-18.0319837
BPS,3,BPS-28-C-10,28-C-10,28-C,28,control,28,0.58,2.89,0.0289,2.402893183,0.3296,11.40484429,0.53,3.19,0.0319,1.63269033,0.3637,11.40125392,-0.003590372,-0.031481096
BPS,4,BPS-28-BPS-10,28-BPS-10,28-expose,28,expose,28,0.41,2.92,0.0292,1.646778933,0.4061,13.90753425,0.38,2.915,0.02915,1.534150335,0.3721,12.76500858,-1.142525674,-8.215156256
